,zipcode,geo_id,year,maxNaics_est,y_pred,Naics_score,pedestrian_scaled,vehicle_scaled,sentiment_score,ratings,centroid,geometry,estabratio,final_score
257,97216,41051008201,2017,62,62,10,2.791274366794854,5.0,0.8284999999999999,4.0,POINT (-122.5583462101031 45.51189344071455),"MULTIPOLYGON (((-122.5668256661286 45.52269010306612, -122.5635946594505 45.52259611461233, -122.5582886495688 45.52263613371989, -122.5584436222026 45.51768212930347, -122.549180577501 45.5128381584652, -122.548084568252 45.51155616130944, -122.548007526976 45.5041921555338, -122.5528085363445 45.50423013866283, -122.5595615497595 45.50432611496286, -122.5659435625226 45.50443209257151, -122.5656415812736 45.50789409623049, -122.5656815974668 45.51078109825305, -122.5656316222587 45.51523910177283, -122.5651686386548 45.51833410574991, -122.5652056426778 45.51904210614959, -122.5668616459553 45.51906410023618, -122.5668256661286 45.52269010306612)))",1.5706482936545993,7.443206972445984
305,97233,41051009302,2017,62,62,10,2.791274366794854,2.8132729408915518,2.269666666666667,5.0,POINT (-122.5235723761713 45.52810449122913),"MULTIPOLYGON (((-122.5377476308519 45.52628821072537, -122.5376346713135 45.5335692174213, -122.5275436518212 45.53351725410417, -122.5272126511914 45.53351725530889, -122.5244926462559 45.53356026524819, -122.5168996325119 45.53368629300487, -122.5104886201339 45.53365431631195, -122.5090076174499 45.53367832172662, -122.5083195953479 45.52995932057602, -122.510585580088 45.52645830895272, -122.5106515569565 45.52229830466529, -122.5169075695475 45.52241928229572, -122.5183765724066 45.52243027702572, -122.5209505768896 45.52235526770344, -122.5260995874112 45.52248324931312, -122.527507589763 45.52242424419828, -122.5325445999426 45.52252922618541, -122.5377656096624 45.52248920738153, -122.5377476308519 45.52628821072537)))",1.0022756414570062,7.346612189480025
224,97213,41051001701,2017,62,62,10,2.791274366794854,2.8132729408915518,1.751625,5.0,POINT (-122.5866174322768 45.52753737825672),"MULTIPOLYGON (((-122.5964807536804 45.52826099991582, -122.5964297658607 45.53046200147491, -122.5944007616307 45.53039600879281, -122.5928257721109 45.53281201604952, -122.5935307780659 45.5336390140118, -122.5891967805421 45.53556103104506, -122.5871667782924 45.53585003864181, -122.5855347750368 45.53582304457915, -122.5790367510609 45.53374206684378, -122.5790287390697 45.53159606538083, -122.5790367101884 45.5264180617518, -122.579054689898 45.52277605915498, -122.5790446695041 45.51912505665272, -122.5852476815996 45.51917503447248, -122.5868436856108 45.51934902887212, -122.5881346939283 45.52039902493887, -122.5918997105781 45.52209801252876, -122.5937297197869 45.52312400660519, -122.5943607266339 45.52413600497575, -122.5944737398522 45.52646700604306, -122.5986187477662 45.52647099107799, -122.5964807536804 45.52826099991582)))",1.3369530339727345,7.290192412818197
225,97215,41051001701,2017,62,62,10,2.791274366794854,2.8132729408915518,1.751625,5.0,POINT (-122.5866174322768 45.52753737825672),"MULTIPOLYGON (((-122.5964807536804 45.52826099991582, -122.5964297658607 45.53046200147491, -122.5944007616307 45.53039600879281, -122.5928257721109 45.53281201604952, -122.5935307780659 45.5336390140118, -122.5891967805421 45.53556103104506, -122.5871667782924 45.53585003864181, -122.5855347750368 45.53582304457915, -122.5790367510609 45.53374206684378, -122.5790287390697 45.53159606538083, -122.5790367101884 45.5264180617518, -122.579054689898 45.52277605915498, -122.5790446695041 45.51912505665272, -122.5852476815996 45.51917503447248, -122.5868436856108 45.51934902887212, -122.5881346939283 45.52039902493887, -122.5918997105781 45.52209801252876, -122.5937297197869 45.52312400660519, -122.5943607266339 45.52413600497575, -122.5944737398522 45.52646700604306, -122.5986187477662 45.52647099107799, -122.5964807536804 45.52826099991582)))",1.1810500343194124,7.242222259078714
227,97220,41051001701,2017,62,62,10,2.791274366794854,2.8132729408915518,1.751625,5.0,POINT (-122.5866174322768 45.52753737825672),"MULTIPOLYGON (((-122.5964807536804 45.52826099991582, -122.5964297658607 45.53046200147491, -122.5944007616307 45.53039600879281, -122.5928257721109 45.53281201604952, -122.5935307780659 45.5336390140118, -122.5891967805421 45.53556103104506, -122.5871667782924 45.53585003864181, -122.5855347750368 45.53582304457915, -122.5790367510609 45.53374206684378, -122.5790287390697 45.53159606538083, -122.5790367101884 45.5264180617518, -122.579054689898 45.52277605915498, -122.5790446695041 45.51912505665272, -122.5852476815996 45.51917503447248, -122.5868436856108 45.51934902887212, -122.5881346939283 45.52039902493887, -122.5918997105781 45.52209801252876, -122.5937297197869 45.52312400660519, -122.5943607266339 45.52413600497575, -122.5944737398522 45.52646700604306, -122.5986187477662 45.52647099107799, -122.5964807536804 45.52826099991582)))",1.0320396419414957,7.196372907577816
226,97216,41051001701,2017,62,62,10,2.791274366794854,2.8132729408915518,1.751625,5.0,POINT (-122.5866174322768 45.52753737825672),"MULTIPOLYGON (((-122.5964807536804 45.52826099991582, -122.5964297658607 45.53046200147491, -122.5944007616307 45.53039600879281, -122.5928257721109 45.53281201604952, -122.5935307780659 45.5336390140118, -122.5891967805421 45.53556103104506, -122.5871667782924 45.53585003864181, -122.5855347750368 45.53582304457915, -122.5790367510609 45.53374206684378, -122.5790287390697 45.53159606538083, -122.5790367101884 45.5264180617518, -122.579054689898 45.52277605915498, -122.5790446695041 45.51912505665272, -122.5852476815996 45.51917503447248, -122.5868436856108 45.51934902887212, -122.5881346939283 45.52039902493887, -122.5918997105781 45.52209801252876, -122.5937297197869 45.52312400660519, -122.5943607266339 45.52413600497575, -122.5944737398522 45.52646700604306, -122.5986187477662 45.52647099107799, -122.5964807536804 45.52826099991582)))",1.00681371096901,7.188611082663205
259,97216,41051008202,2017,62,62,10,2.791274366794854,4.750560694319142,0.0,4.166666666666667,POINT (-122.5457306354642 45.51486833556029),"MULTIPOLYGON (((-122.5582886495688 45.52263613371989, -122.5467476271538 45.52255817515, -122.5377656096624 45.52248920738153, -122.5376965653458 45.51458020080126, -122.5376475482409 45.51153519834628, -122.5376815067016 45.50408819179566, -122.548007526976 45.5041921555338, -122.548084568252 45.51155616130944, -122.549180577501 45.5128381584652, -122.5584436222026 45.51768212930347, -122.5582886495688 45.52263613371989)))",1.2844724329561734,7.07476128022672
260,97233,41051008202,2017,62,62,10,2.791274366794854,4.750560694319142,0.0,4.166666666666667,POINT (-122.5457306354642 45.51486833556029),"MULTIPOLYGON (((-122.5582886495688 45.52263613371989, -122.5467476271538 45.52255817515, -122.5377656096624 45.52248920738153, -122.5376965653458 45.51458020080126, -122.5376475482409 45.51153519834628, -122.5376815067016 45.50408819179566, -122.548007526976 45.5041921555338, -122.548084568252 45.51155616130944, -122.549180577501 45.5128381584652, -122.5584436222026 45.51768212930347, -122.5582886495688 45.52263613371989)))",1.1615705434474393,7.036945314224032
29,97030,41051010001,2017,62,62,10,2.791274366794854,2.8132729408915518,0.0,4.166666666666667,POINT (-122.4318922347888 45.50333254275802),"MULTIPOLYGON (((-122.4448413736532 45.51267355968938, -122.4401013590337 45.51137757811604, -122.4310983318059 45.50882761316797, -122.4210663050647 45.50660565287453, -122.4183072961059 45.50547466344598, -122.417318292066 45.50481766705953, -122.4138962754812 45.50169167899428, -122.4139012617524 45.49785166756573, -122.414494263017 45.49792966549112, -122.4210562740792 45.49800963879854, -122.4258062819495 45.49803061929813, -122.4291472871188 45.49794960514419, -122.4309372899847 45.49793159767904, -122.4325122912575 45.49759158964878, -122.4346092930613 45.49716957911684, -122.4382162987737 45.49712156406306, -122.4447713094565 45.49711253705779, -122.4449823400071 45.50453155243523, -122.4448413736532 45.51267355968938)))",2.9384773161556677,6.987597320156537
112,97215,41051001400,2017,62,62,10,4.751757061397692,1.5084892325963546,0.8162291666666667,4.125,POINT (-122.6176377672391 45.51142207538373),"MULTIPOLYGON (((-122.6230057541571 45.51928789930689, -122.6178007441805 45.5192769179442, -122.6177817289916 45.51655891655084, -122.6161467258597 45.51655592238728, -122.612564719018 45.5165529351758, -122.6123576933376 45.51201793337651, -122.6114916916145 45.51200493644541, -122.6113376731547 45.50874693515529, -122.6111226535079 45.50529693396773, -122.6161416629787 45.50527891626649, -122.6171176648177 45.5052749128241, -122.6195666667842 45.5047899039346, -122.6226536727048 45.50479589306273, -122.6227346950112 45.50876989483408, -122.6228227133955 45.5120378962128, -122.6229077261608 45.51429889707941, -122.6229307344879 45.51578489776538, -122.6230057541571 45.51928789930689)))",1.4460653019463783,6.968474080802182
239,97213,41051002902,2017,62,62,10,2.791274366794854,2.8132729408915518,0.9967777777777778,4.666666666666667,POINT (-122.5887185856748 45.5412481200626),"MULTIPOLYGON (((-122.6002347795671 45.53162098837917, -122.5989187886085 45.53369099443061, -122.5995637898637 45.53369599208563, -122.599520805639 45.53653899398192, -122.5994788178076 45.53873499547951, -122.5994358301305 45.54095899699865, -122.5993978483641 45.54424099914816, -122.5912568505929 45.54741503118262, -122.585830852186 45.54954905266275, -122.5786688546135 45.55242308119934, -122.5787088467258 45.55099608005666, -122.5787108421925 45.55018307948293, -122.578711838779 45.54957107905292, -122.5787718208284 45.54633407657663, -122.5788238107593 45.54451207511634, -122.5789177904236 45.54083607221251, -122.5790167527082 45.53404406712658, -122.5790367510609 45.53374206684378, -122.5855347750368 45.53582304457915, -122.5871667782924 45.53585003864181, -122.5891967805421 45.53556103104506, -122.5935307780659 45.5336390140118, -122.6022237696158 45.52915797967508, -122.6002347795671 45.53162098837917)))",1.2890903871016075,6.940640658225371
240,97220,41051002902,2017,62,62,10,2.791274366794854,2.8132729408915518,0.9967777777777778,4.666666666666667,POINT (-122.5887185856748 45.5412481200626),"MULTIPOLYGON (((-122.6002347795671 45.53162098837917, -122.5989187886085 45.53369099443061, -122.5995637898637 45.53369599208563, -122.599520805639 45.53653899398192, -122.5994788178076 45.53873499547951, -122.5994358301305 45.54095899699865, -122.5993978483641 45.54424099914816, -122.5912568505929 45.54741503118262, -122.585830852186 45.54954905266275, -122.5786688546135 45.55242308119934, -122.5787088467258 45.55099608005666, -122.5787108421925 45.55018307948293, -122.578711838779 45.54957107905292, -122.5787718208284 45.54633407657663, -122.5788238107593 45.54451207511634, -122.5789177904236 45.54083607221251, -122.5790167527082 45.53404406712658, -122.5790367510609 45.53374206684378, -122.5855347750368 45.53582304457915, -122.5871667782924 45.53585003864181, -122.5891967805421 45.53556103104506, -122.5935307780659 45.5336390140118, -122.6022237696158 45.52915797967508, -122.6002347795671 45.53162098837917)))",1.033725938885785,6.862066981851272
250,97216,41051001602,2017,62,62,10,2.791274366794854,3.936860783324782,0.0,4.166666666666667,POINT (-122.5721708020329 45.51190570076012),"MULTIPOLYGON (((-122.5790446695041 45.51912505665272, -122.5690996502242 45.5190650922229, -122.5668616459553 45.51906410023618, -122.5652056426778 45.51904210614959, -122.5651686386548 45.51833410574991, -122.5656316222587 45.51523910177283, -122.5656815974668 45.51078109825305, -122.5656415812736 45.50789409623049, -122.5659435625226 45.50443209257151, -122.5686315678611 45.50447008313408, -122.5766815841454 45.50463705490345, -122.578677588951 45.50481604799783, -122.5786696183515 45.51008705169853, -122.5786676251505 45.51130605255495, -122.5787466375898 45.51350805380807, -122.5789016527129 45.51616505510527, -122.5790446695041 45.51912505665272)))",1.1839701961632738,6.793468311676792
203,97220,41051007300,2017,62,62,10,2.791274366794854,2.8132729408915518,0.0,4.166666666666667,POINT (-122.588354801612 45.58159415179215),"MULTIPOLYGON (((-122.6463651618068 45.58447684311341, -122.647051168505 45.58544584088011, -122.6439621731577 45.58733185358862, -122.6407331851743 45.59058686749408, -122.6409622092259 45.5948258684871, -122.6427262468413 45.60097786431071, -122.6424922572791 45.60293086608043, -122.6439062978557 45.60973386346993, -122.6349621845981 45.60927912516352, -122.607717425465 45.6078939417375, -122.6026052080152 45.60763402533384, -122.5889169916994 45.60524574908003, -122.5860047179612 45.60473762482788, -122.5865501307936 45.59923808302688, -122.5867251213329 45.59748308117788, -122.5794810848143 45.59339710659452, -122.5543139661255 45.58067919420142, -122.5433529196547 45.5760802323331, -122.5258948471675 45.56903429247461, -122.515912821344 45.56780332907557, -122.5100018047196 45.56683635046996, -122.5103057260483 45.55266133550521, -122.5158367420076 45.55363631587213, -122.5225497613734 45.5548192919841, -122.5377508049834 45.55745623761695, -122.5547168536588 45.56040217655443, -122.5624908759749 45.5617551484415, -122.5679188916457 45.5627161287737, -122.5777039194818 45.56437509316017, -122.5906459567589 45.56665304590788, -122.6092500056529 45.56908897708309, -122.6157430225014 45.56990095295485, -122.6185790309323 45.57044794250551, -122.6160690275523 45.57069595215309, -122.6142450224801 45.57040695890805, -122.6298420688444 45.5734159012708, -122.6298780695202 45.57352490118717, -122.6327160805546 45.57453889087972, -122.6333730872007 45.57550788883844, -122.6333991017222 45.5781048899708, -122.6388881187895 45.57929986953739, -122.6479861570526 45.58307183629473, -122.6463651618068 45.58447684311341)))",2.1989571273896544,6.76005264669007
236,97213,41051002901,2017,62,62,10,2.791274366794854,2.8132729408915518,0.53,4.5,POINT (-122.5927390489634 45.55144212686319),"MULTIPOLYGON (((-122.6045098883381 45.54966598352902, -122.6044788962374 45.55109298448836, -122.6008509136329 45.55544800059381, -122.5911898952246 45.5554380366117, -122.5889918910269 45.55543404480498, -122.5867628867814 45.55543205311513, -122.5857038847641 45.55543105706323, -122.5846858828135 45.5554280608571, -122.5786148712362 45.55542008348883, -122.5786688546135 45.55242308119934, -122.585830852186 45.54954905266275, -122.5912568505929 45.54741503118262, -122.5993978483641 45.54424099914816, -122.5993718704579 45.54821100167575, -122.6045408804276 45.54823698256885, -122.6045098883381 45.54966598352902)))",1.1589039876121419,6.705677321630323
87,97222,41051000200,2017,62,62,10,2.791274366794854,2.8132729408915518,0.12117857142857144,5.0,POINT (-122.6442461554041 45.47419705985271),"MULTIPOLYGON (((-122.6511506479096 45.49032376984331, -122.6493656446294 45.49032177592693, -122.6435166338574 45.49031079585096, -122.6412515835802 45.48167278408965, -122.6395075411153 45.47427777308746, -122.6371704840599 45.4642797577534, -122.636558468157 45.46146875322021, -122.6365854682109 45.4614707531402, -122.6415784762537 45.46147673750557, -122.6414124609938 45.45866973169797, -122.6469644698596 45.45868471448, -122.6470405002966 45.46431372662966, -122.6472025082313 45.46573772924864, -122.6477995119213 45.46624072845633, -122.6481095251337 45.46859573262832, -122.6487255538701 45.47372874186721, -122.6496495983196 45.48165975611547, -122.6495996183957 45.48538976439767, -122.6503196300227 45.48729976611872, -122.6511506479096 45.49032376984331)))",1.0110068727142187,6.688225462101291
91,97222,41051000302,2017,62,62,10,2.791274366794854,2.8132729408915518,0.3560833333333333,4.75,POINT (-122.6266951679535 45.47003922098924),"MULTIPOLYGON (((-122.6376585383979 45.47435977929707, -122.6344385354319 45.474837790896, -122.6343675563065 45.47880980035, -122.6282275480789 45.4792798217324, -122.6267805452356 45.4792188263683, -122.6226545378886 45.47918983993068, -122.6205885342598 45.47918484674423, -122.6174705287811 45.47917685702571, -122.6174755213077 45.47772485340275, -122.6174815139647 45.47629784983872, -122.6154545104503 45.47629285646698, -122.6160355031208 45.47467285051746, -122.6159694759812 45.46941583759948, -122.6158954532035 45.46500882682423, -122.6164034402505 45.46232981853333, -122.6153724342029 45.46147581963461, -122.6168144364496 45.46146281508292, -122.6188804396815 45.46144680856868, -122.6222544450265 45.46143379796359, -122.6262764515408 45.46144578538879, -122.636558468157 45.46146875322021, -122.6371704840599 45.4642797577534, -122.6395075411153 45.47427777308746, -122.6376585383979 45.47435977929707)))",1.0154096217999065,6.684935465482969
238,97220,41051002901,2017,62,62,10,2.791274366794854,2.8132729408915518,0.53,4.5,POINT (-122.5927390489634 45.55144212686319),"MULTIPOLYGON (((-122.6045098883381 45.54966598352902, -122.6044788962374 45.55109298448836, -122.6008509136329 45.55544800059381, -122.5911898952246 45.5554380366117, -122.5889918910269 45.55543404480498, -122.5867628867814 45.55543205311513, -122.5857038847641 45.55543105706323, -122.5846858828135 45.5554280608571, -122.5786148712362 45.55542008348883, -122.5786688546135 45.55242308119934, -122.585830852186 45.54954905266275, -122.5912568505929 45.54741503118262, -122.5993978483641 45.54424099914816, -122.5993718704579 45.54821100167575, -122.6045408804276 45.54823698256885, -122.6045098883381 45.54966598352902)))",1.0033725938885785,6.6578215081769185
255,97220,41051008100,2017,62,62,10,2.791274366794854,2.8132729408915518,0.9505416666666666,3.5,POINT (-122.5525273753115 45.52804897124058),"MULTIPOLYGON (((-122.568607709552 45.52986110194845, -122.5661777052673 45.52992211080228, -122.5684217193519 45.53168010396583, -122.5648057191192 45.53287111799678, -122.5647407209941 45.5332291185029, -122.5633177225628 45.53399512426198, -122.5609427153135 45.53350613253482, -122.5602297140572 45.53352413514376, -122.5580387098546 45.53351814311363, -122.5490606924747 45.5334651757472, -122.5445676842379 45.533521192146, -122.5376346713135 45.5335692174213, -122.5377476308519 45.52628821072537, -122.5377656096624 45.52248920738153, -122.5467476271538 45.52255817515, -122.5582886495688 45.52263613371989, -122.5635946594505 45.52259611461233, -122.5668256661286 45.52269010306612, -122.5667716863402 45.52632910597178, -122.5686486899864 45.52634209920461, -122.568607709552 45.52986110194845)))",1.553105397726873,6.648675191409215
230,97213,41051001900,2017,62,62,10,2.791274366794854,2.8132729408915518,1.2848333333333337,3.5,POINT (-122.6238950060054 45.52653469734302),"MULTIPOLYGON (((-122.6316738106159 45.52645587170909, -122.6315088144424 45.52719887266291, -122.6307608188311 45.52824187587191, -122.6306518372431 45.53158287788783, -122.6303048357691 45.531436879077, -122.6304908367584 45.53155087845699, -122.630638837915 45.53170787799571, -122.6306388514241 45.53413187917233, -122.6306398525741 45.53433787926867, -122.6293078512825 45.53456088423059, -122.6251248398231 45.53393289915412, -122.6229258315808 45.53320490678524, -122.6170168128492 45.53186192755819, -122.6149888025446 45.53070593429107, -122.6150088001183 45.53026393397586, -122.6151237788332 45.52640693144329, -122.6172987830355 45.52641792359587, -122.617303764352 45.52306492176844, -122.617305743232 45.51927591971663, -122.6178007441805 45.5192769179442, -122.6230057541571 45.51928789930689, -122.6283417644836 45.5193168802088, -122.6309287693225 45.51930087093466, -122.6298777829754 45.52210987607135, -122.6316907947487 45.52360287027506, -122.6316738106159 45.52645587170909)))",1.042119129246592,6.594307621620411
232,97215,41051001900,2017,62,62,10,2.791274366794854,2.8132729408915518,1.2848333333333337,3.5,POINT (-122.6238950060054 45.52653469734302),"MULTIPOLYGON (((-122.6316738106159 45.52645587170909, -122.6315088144424 45.52719887266291, -122.6307608188311 45.52824187587191, -122.6306518372431 45.53158287788783, -122.6303048357691 45.531436879077, -122.6304908367584 45.53155087845699, -122.630638837915 45.53170787799571, -122.6306388514241 45.53413187917233, -122.6306398525741 45.53433787926867, -122.6293078512825 45.53456088423059, -122.6251248398231 45.53393289915412, -122.6229258315808 45.53320490678524, -122.6170168128492 45.53186192755819, -122.6149888025446 45.53070593429107, -122.6150088001183 45.53026393397586, -122.6151237788332 45.52640693144329, -122.6172987830355 45.52641792359587, -122.617303764352 45.52306492176844, -122.617305743232 45.51927591971663, -122.6178007441805 45.5192769179442, -122.6230057541571 45.51928789930689, -122.6283417644836 45.5193168802088, -122.6309287693225 45.51930087093466, -122.6298777829754 45.52210987607135, -122.6316907947487 45.52360287027506, -122.6316738106159 45.52645587170909)))",1.0,6.581347889544536
143,97215,41051001601,2017,62,62,10,2.791274366794854,3.035190379100027,0.0,4.166666666666667,POINT (-122.5903243155709 45.51273359139273),"MULTIPOLYGON (((-122.6019927000291 45.5167599730495, -122.6002396966166 45.51674697930245, -122.6002247105374 45.51924798087933, -122.5984297070846 45.51924198730465, -122.5948957166299 45.52216000180259, -122.5918997105781 45.52209801252876, -122.5881346939283 45.52039902493887, -122.5868436856108 45.51934902887212, -122.5852476815996 45.51917503447248, -122.5790446695041 45.51912505665272, -122.5789016527129 45.51616505510527, -122.5787466375898 45.51350805380807, -122.5786676251505 45.51130605255495, -122.5786696183515 45.51008705169853, -122.578677588951 45.50481604799783, -122.5822005987945 45.50537603596866, -122.588859611521 45.50538101249752, -122.5915876166731 45.50537200287486, -122.5994416317342 45.50538697519714, -122.6016696357766 45.50534996732053, -122.6019926962757 45.51608697264443, -122.6019927000291 45.5167599730495)))",1.2309043915957723,6.530472555125329
254,97216,41051008100,2017,62,62,10,2.791274366794854,2.8132729408915518,0.9505416666666666,3.5,POINT (-122.5525273753115 45.52804897124058),"MULTIPOLYGON (((-122.568607709552 45.52986110194845, -122.5661777052673 45.52992211080228, -122.5684217193519 45.53168010396583, -122.5648057191192 45.53287111799678, -122.5647407209941 45.5332291185029, -122.5633177225628 45.53399512426198, -122.5609427153135 45.53350613253482, -122.5602297140572 45.53352413514376, -122.5580387098546 45.53351814311363, -122.5490606924747 45.5334651757472, -122.5445676842379 45.533521192146, -122.5376346713135 45.5335692174213, -122.5377476308519 45.52628821072537, -122.5377656096624 45.52248920738153, -122.5467476271538 45.52255817515, -122.5582886495688 45.52263613371989, -122.5635946594505 45.52259611461233, -122.5668256661286 45.52269010306612, -122.5667716863402 45.52632910597178, -122.5686486899864 45.52634209920461, -122.568607709552 45.52986110194845)))",1.0272548438760405,6.4868750209935735
144,97216,41051001601,2017,62,62,10,2.791274366794854,3.035190379100027,0.0,4.166666666666667,POINT (-122.5903243155709 45.51273359139273),"MULTIPOLYGON (((-122.6019927000291 45.5167599730495, -122.6002396966166 45.51674697930245, -122.6002247105374 45.51924798087933, -122.5984297070846 45.51924198730465, -122.5948957166299 45.52216000180259, -122.5918997105781 45.52209801252876, -122.5881346939283 45.52039902493887, -122.5868436856108 45.51934902887212, -122.5852476815996 45.51917503447248, -122.5790446695041 45.51912505665272, -122.5789016527129 45.51616505510527, -122.5787466375898 45.51350805380807, -122.5786676251505 45.51130605255495, -122.5786696183515 45.51008705169853, -122.578677588951 45.50481604799783, -122.5822005987945 45.50537603596866, -122.588859611521 45.50538101249752, -122.5915876166731 45.50537200287486, -122.5994416317342 45.50538697519714, -122.6016696357766 45.50534996732053, -122.6019926962757 45.51608697264443, -122.6019927000291 45.5167599730495)))",1.0800611038858692,6.4840592358299745
292,97220,41051007900,2017,62,62,10,2.791274366794854,2.8132729408915518,0.0,4.166666666666667,POINT (-122.5481748443323 45.55335806102381),"MULTIPOLYGON (((-122.5577497907325 45.54810115556666, -122.5577658314294 45.55538416120095, -122.5577628522455 45.55911316412733, -122.5577608613822 45.56075016541456, -122.5547168536588 45.56040217655443, -122.5377508049834 45.55745623761695, -122.5381998047301 45.55725823576849, -122.5381667935444 45.55526723417664, -122.5381887842175 45.55359023265012, -122.5372327717025 45.55167523455072, -122.5373017596154 45.5494882324028, -122.5373407516222 45.54804423100953, -122.5373857449646 45.54683722979949, -122.5384637480975 45.54703122598444, -122.5474657700684 45.54790119344209, -122.5525067811579 45.54817117501656, -122.5530137818089 45.54811517309618, -122.5556717828851 45.54740316270151, -122.557828779905 45.54613515373804, -122.5577497907325 45.54810115556666)))",1.266434917197701,6.473122735861777
19,97233,41051009801,2017,62,62,10,2.791274366794854,2.8132729408915518,0.0,4.166666666666667,POINT (-122.4653739694945 45.51181468554469),"MULTIPOLYGON (((-122.475774467029 45.51914743867257, -122.4680814504665 45.51913847008036, -122.4674684491503 45.51913847258369, -122.465394444716 45.51914248105692, -122.4603204337524 45.51912750176459, -122.4551874227992 45.51914252273944, -122.4551294042518 45.51498351941563, -122.4550503905246 45.51191951711709, -122.4550243573694 45.50444151082456, -122.4584053633413 45.50444149683968, -122.4678813803787 45.50450445770076, -122.4755913942824 45.50455942586262, -122.4757004298935 45.51169643204732, -122.4757214395929 45.51364243377041, -122.475774467029 45.51914743867257)))",1.2503205602706806,6.4681644721919245
10,97030,41051010100,2017,62,62,10,2.791274366794854,2.8132729408915518,0.0,4.166666666666667,POINT (-122.444171605879 45.52613866368701),"MULTIPOLYGON (((-122.4566475168594 45.53948853430665, -122.4533675061408 45.53904454708515, -122.445306483101 45.53866757912052, -122.433425462852 45.5415826290785, -122.4334754609652 45.54105962847108, -122.4336984445508 45.53666662415373, -122.4336444382176 45.53506762312483, -122.4336484351333 45.53426862248607, -122.4336524313632 45.53329262170936, -122.433619410099 45.52782261758035, -122.4337833766111 45.51908361010136, -122.4338173556763 45.51366560573709, -122.4334573440078 45.51083560501084, -122.4310983318059 45.50882761316797, -122.4401013590337 45.51137757811604, -122.4448413736532 45.51267355968938, -122.4537364000665 45.51467752486453, -122.4551294042518 45.51498351941563, -122.4551874227992 45.51914252273944, -122.4551284560007 45.52666652942192, -122.4551614593876 45.52741352992766, -122.456094465658 45.52832652692997, -122.4564454684011 45.52875352587569, -122.4566475168594 45.53948853430665)))",1.217425714994882,6.458042981337832
289,97220,41051002903,2017,62,62,10,2.791274366794854,2.8132729408915518,0.0,4.166666666666667,POINT (-122.5707469516905 45.5430847000402),"MULTIPOLYGON (((-122.5790167527082 45.53404406712658, -122.5789177904236 45.54083607221251, -122.5788238107593 45.54451207511634, -122.5787718208284 45.54633407657663, -122.578711838779 45.54957107905292, -122.5787108421925 45.55018307948293, -122.5787088467258 45.55099608005666, -122.5786688546135 45.55242308119934, -122.5759358556434 45.55353809214591, -122.5756158557666 45.55366909342955, -122.5682188409649 45.55353512085923, -122.5678708404712 45.55356512217638, -122.5670618389956 45.55357612519501, -122.5670718397347 45.55370512525375, -122.5664998380842 45.55360412730722, -122.5660428338943 45.55300912856277, -122.5656958313257 45.55266712959691, -122.5655248300462 45.55249613010432, -122.5614368046748 45.54934314288097, -122.5605387915502 45.54729814463156, -122.5622487664218 45.54221513443097, -122.5638127389023 45.53675312454763, -122.5647407209941 45.5332291185029, -122.5648837209369 45.53317011793818, -122.5657167205346 45.53281411464073, -122.5677007210277 45.53222610698941, -122.5680857210291 45.53209510549326, -122.5689147219257 45.53197310239093, -122.5735067312563 45.53207908578254, -122.5790367510609 45.53374206684378, -122.5790167527082 45.53404406712658)))",1.212473414980445,6.456519196718006
228,97213,41051001801,2017,62,62,10,2.791274366794854,2.8132729408915518,0.5218333333333334,3.5,POINT (-122.6048341471602 45.52629654474877),"MULTIPOLYGON (((-122.6172987830355 45.52641792359587, -122.6151237788332 45.52640693144329, -122.6150088001183 45.53026393397586, -122.6149888025446 45.53070593429107, -122.6109317805932 45.52815394756752, -122.6088437737912 45.52764695483054, -122.6051927683799 45.52792296819431, -122.6022237696158 45.52915797967508, -122.5935307780659 45.5336390140118, -122.5928257721109 45.53281201604952, -122.5944007616307 45.53039600879281, -122.5964297658607 45.53046200147491, -122.5964807536804 45.52826099991582, -122.5986187477662 45.52647099107799, -122.5944737398522 45.52646700604306, -122.5943607266339 45.52413600497575, -122.5937297197869 45.52312400660519, -122.5983747272383 45.52287398974115, -122.6043257385827 45.52287596834031, -122.6148257588746 45.52292893060743, -122.617303764352 45.52306492176844, -122.6172987830355 45.52641792359587)))",1.3541835868463403,6.455558223958794
33,97030,41051010405,2017,62,62,10,2.791274366794854,2.8132729408915518,0.0,4.166666666666667,POINT (-122.4227527245086 45.51297205292266),"MULTIPOLYGON (((-122.4337833766111 45.51908361010136, -122.4211453493873 45.51905366169203, -122.4131263322907 45.51908469446381, -122.4124553307878 45.51906569719076, -122.4124753181115 45.51523969441737, -122.4138523142894 45.51326368737495, -122.4143523128887 45.5125526848176, -122.414723309194 45.51124368236234, -122.4147002980427 45.50795968012039, -122.413891286087 45.50484968125275, -122.4138962754812 45.50169167899428, -122.417318292066 45.50481766705953, -122.4183072961059 45.50547466344598, -122.4210663050647 45.50660565287453, -122.4310983318059 45.50882761316797, -122.4334573440078 45.51083560501084, -122.4338173556763 45.51366560573709, -122.4337833766111 45.51908361010136)))",1.201895306780962,6.453264394195088
39,97030,41051010410,2017,62,62,10,2.791274366794854,2.8132729408915518,0.0,4.166666666666667,POINT (-122.4065955488359 45.51188027000435),"MULTIPOLYGON (((-122.414723309194 45.51124368236234, -122.4143523128887 45.5125526848176, -122.4138523142894 45.51326368737495, -122.4124753181115 45.51523969441737, -122.4124553307878 45.51906569719076, -122.4105753266859 45.51904470485403, -122.3984163006678 45.5190647545253, -122.3985792897322 45.51525775137055, -122.3996222850585 45.51298174560016, -122.399963282562 45.51192374350313, -122.3999522701568 45.50779574082912, -122.3999592665636 45.50659374000843, -122.3999322610645 45.50477673892313, -122.403094266714 45.50478872585594, -122.4039002681697 45.50479672252845, -122.413891286087 45.50484968125275, -122.4147002980427 45.50795968012039, -122.414723309194 45.51124368236234)))",1.1962478856122636,6.451526726143181
315,97233,41051009202,2017,62,62,10,2.791274366794854,2.8132729408915518,0.0,4.166666666666667,POINT (-122.5158655581031 45.51328297914117),"MULTIPOLYGON (((-122.5210195588172 45.51909826442257, -122.5209505768896 45.52235526770344, -122.5183765724066 45.52243027702572, -122.5169075695475 45.52241928229572, -122.5106515569565 45.52229830466529, -122.5106915394389 45.51915130145891, -122.5107135097106 45.51382629619841, -122.5107274895271 45.51021129263106, -122.5107804592597 45.50477928715882, -122.510595455765 45.50421728726339, -122.5156104650164 45.50416126955469, -122.5172664679678 45.50412426369009, -122.520955474791 45.50408625066895, -122.5210125295168 45.51385825956811, -122.5210195588172 45.51909826442257)))",1.1775000336464827,6.445758156307556
309,97233,41051009604,2017,62,62,10,2.791274366794854,2.8132729408915518,0.0,4.166666666666667,POINT (-122.4714503368 45.53038406690745),"MULTIPOLYGON (((-122.4773105889405 45.54284945457309, -122.4755725838187 45.54278446146277, -122.4670605485844 45.54030649327611, -122.461511532565 45.54007551531345, -122.4661255423961 45.53952849632692, -122.4654735130296 45.53364849369026, -122.4654304787914 45.52638148737427, -122.465394444716 45.51914248105692, -122.4674684491503 45.51913847258369, -122.4680814504665 45.51913847008036, -122.475774467029 45.51914743867257, -122.4771304699709 45.51915343314068, -122.4771114841828 45.52200443588333, -122.4770605061101 45.52641444021266, -122.4772155478727 45.53469144732399, -122.4773105889405 45.54284945457309)))",1.1683974678184579,6.44295736682201
290,97220,41051007700,2017,62,62,10,2.791274366794854,2.8132729408915518,0.0,4.166666666666667,POINT (-122.5710102753477 45.55918515311446),"MULTIPOLYGON (((-122.5786148712362 45.55542008348883, -122.5785798818511 45.5573340849536, -122.5785128976679 45.56019108719634, -122.5778678996353 45.56076309001429, -122.5777449006351 45.56098409063041, -122.5776929019986 45.56124609100907, -122.5776439098582 45.56267109219173, -122.5777039194818 45.56437509316017, -122.5679188916457 45.5627161287737, -122.5624908759749 45.5617551484415, -122.5547168536588 45.56040217655443, -122.5577608613822 45.56075016541456, -122.5577628522455 45.55911316412733, -122.5612428600324 45.55932415126104, -122.5672258587617 45.55706112717504, -122.5679648586247 45.55678512421026, -122.5682238513238 45.55538912221114, -122.570651857594 45.5556861133747, -122.5737218564602 45.55443810102955, -122.5756158557666 45.55366909342955, -122.5759358556434 45.55353809214591, -122.5786688546135 45.55242308119934, -122.5786148712362 45.55542008348883)))",1.1669433974846355,6.44250996056545
234,97213,41051002801,2017,62,62,10,2.791274366794854,2.8132729408915518,0.0,4.166666666666667,POINT (-122.6050468256045 45.54354677789487),"MULTIPOLYGON (((-122.6106758669184 45.54372295731477, -122.6106608762186 45.54539595831799, -122.610634892189 45.54826896004214, -122.6045408804276 45.54823698256885, -122.5993718704579 45.54821100167575, -122.5993978483641 45.54424099914816, -122.5994358301305 45.54095899699865, -122.5994788178076 45.53873499547951, -122.6109148411882 45.53902695377889, -122.6106758669184 45.54372295731477)))",1.1589039876121419,6.440036295989297
294,97220,41051008001,2017,62,62,10,2.791274366794854,2.8132729408915518,1.1696666666666664,3.0,POINT (-122.5543328490825 45.54034975389114),"MULTIPOLYGON (((-122.5633177225628 45.53399512426198, -122.5609187325648 45.53660413500431, -122.5600687623936 45.54223614245875, -122.5592317743141 45.54465614741222, -122.557828779905 45.54613515373804, -122.5556717828851 45.54740316270151, -122.5530137818089 45.54811517309618, -122.5525067811579 45.54817117501656, -122.5474657700684 45.54790119344209, -122.5476227454567 45.54344118919091, -122.5489897382263 45.54168118272165, -122.5490147260146 45.53948618083578, -122.5490197223492 45.53882818027966, -122.5490606924747 45.5334651757472, -122.5580387098546 45.53351814311363, -122.5602297140572 45.53352413514376, -122.5609427153135 45.53350613253482, -122.5633177225628 45.53399512426198)))",1.150080428041743,6.438244431506098
319,97233,41051009702,2017,62,62,10,2.791274366794854,2.8132729408915518,0.0,4.166666666666667,POINT (-122.486118220665 45.51183973987288),"MULTIPOLYGON (((-122.4965994448724 45.50699734142475, -122.4965544739282 45.51229234692848, -122.4965304813917 45.51365734839789, -122.4964635079684 45.51851335354833, -122.4964455114391 45.5191513542624, -122.4919105016412 45.51914037277106, -122.4901464978322 45.51913637997082, -122.4861534893008 45.51914439628494, -122.4771304699709 45.51915343314068, -122.475774467029 45.51914743867257, -122.4757214395929 45.51364243377041, -122.4757004298935 45.51169643204732, -122.4755913942824 45.50455942586262, -122.4829524074149 45.50458039543837, -122.483381408169 45.50457939366315, -122.4846614104189 45.50457638836641, -122.4879274162413 45.50458437486657, -122.496622431538 45.50456733888867, -122.4965994448724 45.50699734142475)))",1.131987204506359,6.431754208879825
262,97216,41051008301,2017,62,62,10,2.791274366794854,2.8132729408915518,1.2929166666666667,3.0,POINT (-122.572278522572 45.49731196371264),"MULTIPOLYGON (((-122.5787005495399 45.49740603716553, -122.5786925700108 45.5014170455771, -122.578677588951 45.50481604799783, -122.5766815841454 45.50463705490345, -122.5686315678611 45.50447008313408, -122.5659435625226 45.50443209257151, -122.5660665321759 45.49877108517617, -122.565533524461 45.49735808282399, -122.5655505123721 45.49480307514694, -122.5657095078904 45.49379607159691, -122.5657575052936 45.49323006974515, -122.5660914904383 45.48997105889666, -122.5686034952516 45.49001705047348, -122.5732915043891 45.49013403483845, -122.5749545079385 45.49023902947322, -122.5787875151165 45.49027201649763, -122.5787005495399 45.49740603716553)))",1.0017034277422525,6.430513046798562
30,97030,41051010002,2017,62,62,10,2.791274366794854,2.8132729408915518,0.0,4.166666666666667,POINT (-122.4521284979871 45.50396678159322),"MULTIPOLYGON (((-122.4647893250282 45.49285643734348, -122.4584053633413 45.50444149683968, -122.4550243573694 45.50444151082456, -122.4550503905246 45.51191951711709, -122.4551294042518 45.51498351941563, -122.4537364000665 45.51467752486453, -122.4448413736532 45.51267355968938, -122.4449823400071 45.50453155243523, -122.4447713094565 45.49711253705779, -122.4568343286539 45.49698048688152, -122.4575623291372 45.49680348314871, -122.4640253241555 45.49294544080698, -122.4647893250282 45.49285643734348)))",1.1143602786661393,6.426330539390528
252,97216,41051001702,2017,62,62,10,2.791274366794854,2.8132729408915518,0.0,4.166666666666667,POINT (-122.5732779756858 45.52566531850806),"MULTIPOLYGON (((-122.579054689898 45.52277605915498, -122.5790367101884 45.5264180617518, -122.5790287390697 45.53159606538083, -122.5790367510609 45.53374206684378, -122.5735067312563 45.53207908578254, -122.5689147219257 45.53197310239093, -122.5680857210291 45.53209510549326, -122.5677007210277 45.53222610698941, -122.5657167205346 45.53281411464073, -122.5648837209369 45.53317011793818, -122.5647407209941 45.5332291185029, -122.5648057191192 45.53287111799678, -122.5684217193519 45.53168010396583, -122.5661777052673 45.52992211080228, -122.568607709552 45.52986110194845, -122.5686486899864 45.52634209920461, -122.5667716863402 45.52632910597178, -122.5668256661286 45.52269010306612, -122.5668616459553 45.51906410023618, -122.5690996502242 45.5190650922229, -122.5790446695041 45.51912505665272, -122.579054689898 45.52277605915498)))",1.1124262309886674,6.425735447797459
18,97030,41051009801,2017,62,62,10,2.791274366794854,2.8132729408915518,0.0,4.166666666666667,POINT (-122.4653739694945 45.51181468554469),"MULTIPOLYGON (((-122.475774467029 45.51914743867257, -122.4680814504665 45.51913847008036, -122.4674684491503 45.51913847258369, -122.465394444716 45.51914248105692, -122.4603204337524 45.51912750176459, -122.4551874227992 45.51914252273944, -122.4551294042518 45.51498351941563, -122.4550503905246 45.51191951711709, -122.4550243573694 45.50444151082456, -122.4584053633413 45.50444149683968, -122.4678813803787 45.50450445770076, -122.4755913942824 45.50455942586262, -122.4757004298935 45.51169643204732, -122.4757214395929 45.51364243377041, -122.475774467029 45.51914743867257)))",1.1115365680817901,6.425461705364573
40,97030,41051010411,2017,62,62,10,2.791274366794854,2.8132729408915518,0.0,4.166666666666667,POINT (-122.4051682122806 45.49959195314132),"MULTIPOLYGON (((-122.413891286087 45.50484968125275, -122.4039002681697 45.50479672252845, -122.403094266714 45.50478872585594, -122.3999322610645 45.50477673892313, -122.3999522569001 45.50337673791822, -122.3999052502872 45.50119873667847, -122.3988682429887 45.49945573751309, -122.3987372358042 45.49755372861675, -122.3988142149045 45.49181569982863, -122.4016272228507 45.49274769304523, -122.4055402326073 45.49368068172203, -122.4087612505224 45.49709768511991, -122.4094842539648 45.49770468507114, -122.4138962754812 45.50169167899428, -122.413891286087 45.50484968125275)))",1.108712857497441,6.42459287133862
312,97233,41051009606,2017,62,62,10,2.791274366794854,2.8132729408915518,0.0,4.166666666666667,POINT (-122.4867671222192 45.52277890014595),"MULTIPOLYGON (((-122.4964545282071 45.52219635728278, -122.4963755512508 45.52641936184318, -122.4932835439906 45.52641237438259, -122.4861155272385 45.52641040346631, -122.4770605061101 45.52641444021266, -122.4771114841828 45.52200443588333, -122.4771304699709 45.51915343314068, -122.4861534893008 45.51914439628494, -122.4901464978322 45.51913637997082, -122.4919105016412 45.51914037277106, -122.4964455114391 45.5191513542624, -122.4964545282071 45.52219635728278)))",1.1024038655652784,6.422651643051801
235,97213,41051002802,2017,62,62,10,2.791274366794854,2.8132729408915518,0.0,4.166666666666667,POINT (-122.6053184897705 45.53389752146989),"MULTIPOLYGON (((-122.61092381942 45.53511995153625, -122.6109188271332 45.53650495233782, -122.6109148411882 45.53902695377889, -122.5994788178076 45.53873499547951, -122.599520805639 45.53653899398192, -122.5995637898637 45.53369599208563, -122.5989187886085 45.53369099443061, -122.6002347795671 45.53162098837917, -122.6022237696158 45.52915797967508, -122.6051927683799 45.52792296819431, -122.6088437737912 45.52764695483054, -122.609681778643 45.52823095213377, -122.6100168099046 45.53372295404806, -122.6109248116379 45.53372395074307, -122.61092381942 45.53511995153625)))",1.0957252937422541,6.420596697875486
295,97220,41051008002,2017,62,62,10,2.791274366794854,2.8132729408915518,0.0,4.166666666666667,POINT (-122.543103615106 45.54028416648623),"MULTIPOLYGON (((-122.5490197223492 45.53882818027966, -122.5490147260146 45.53948618083578, -122.5489897382263 45.54168118272165, -122.5476227454567 45.54344118919091, -122.5474657700684 45.54790119344209, -122.5384637480975 45.54703122598444, -122.5373857449646 45.54683722979949, -122.5375277141332 45.54127022446481, -122.5375637043858 45.53951322281477, -122.5376346713135 45.5335692174213, -122.5445676842379 45.533521192146, -122.5490606924747 45.5334651757472, -122.5490197223492 45.53882818027966)))",1.0910600349916193,6.419161233644521
291,97220,41051007800,2017,62,62,10,2.791274366794854,2.8132729408915518,0.0,4.166666666666667,POINT (-122.5624106858367 45.55064605923814),"MULTIPOLYGON (((-122.5737218564602 45.55443810102955, -122.570651857594 45.5556861133747, -122.5682238513238 45.55538912221114, -122.5679648586247 45.55678512421026, -122.5672258587617 45.55706112717504, -122.5612428600324 45.55932415126104, -122.5577628522455 45.55911316412733, -122.5577658314294 45.55538416120095, -122.5577497907325 45.54810115556666, -122.557828779905 45.54613515373804, -122.5592317743141 45.54465614741222, -122.5600687623936 45.54223614245875, -122.5609187325648 45.53660413500431, -122.5633177225628 45.53399512426198, -122.5647407209941 45.5332291185029, -122.5638127389023 45.53675312454763, -122.5622487664218 45.54221513443097, -122.5605387915502 45.54729814463156, -122.5614368046748 45.54934314288097, -122.5655248300462 45.55249613010432, -122.5656958313257 45.55266712959691, -122.5660428338943 45.55300912856277, -122.5664998380842 45.55360412730722, -122.5670718397347 45.55370512525375, -122.5670618389956 45.55357612519501, -122.5678708404712 45.55356512217638, -122.5682188409649 45.55353512085923, -122.5756158557666 45.55366909342955, -122.5737218564602 45.55443810102955)))",1.0792559563815947,6.415529209456821
303,97233,41051009301,2017,62,62,10,2.791274366794854,2.8132729408915518,0.0,4.166666666666667,POINT (-122.5030645402893 45.5262468210914),"MULTIPOLYGON (((-122.5106515569565 45.52229830466529, -122.510585580088 45.52645830895272, -122.5083195953479 45.52995932057602, -122.5090076174499 45.53367832172662, -122.4983695960904 45.53365936107063, -122.4957825928413 45.53425737209979, -122.49585858784 45.53331037084478, -122.4961195697036 45.52988836636063, -122.496305556221 45.52735336306446, -122.4963755512508 45.52641936184318, -122.4964545282071 45.52219635728278, -122.4964455114391 45.5191513542624, -122.4971865130414 45.5191533512384, -122.5106915394389 45.51915130145891, -122.5106515569565 45.52229830466529)))",1.0773718095382103,6.414949471966549
20,97030,41051009803,2017,62,62,10,2.791274366794854,2.8132729408915518,0.0,4.166666666666667,POINT (-122.4739791885148 45.49643517340344),"MULTIPOLYGON (((-122.4847233336846 45.4871923348714, -122.484692341291 45.489040342044, -122.4846903418471 45.48917534256696, -122.484720345238 45.48998234552473, -122.4846713547785 45.49230435457953, -122.4846673637735 45.49447736288533, -122.4846653675357 45.49538636636119, -122.4846623750078 45.49719137325933, -122.484679384613 45.49950338200888, -122.4846614104189 45.50457638836641, -122.483381408169 45.50457939366315, -122.4829524074149 45.50458039543837, -122.4755913942824 45.50455942586262, -122.4678813803787 45.50450445770076, -122.4584053633413 45.50444149683968, -122.4647893250282 45.49285643734348, -122.4640253241555 45.49294544080698, -122.4645143237468 45.49264843760962, -122.4676063127464 45.48870040911365, -122.4676033123045 45.48859240868903, -122.4754713193627 45.48726437198875, -122.4801243230224 45.48636734998352, -122.4807463235036 45.48624634704616, -122.4851583271966 45.48546132654749, -122.4847233336846 45.4871923348714)))",1.0762401857774262,6.414601280040154
317,97233,41051009701,2017,62,62,10,2.791274366794854,2.8132729408915518,0.0,4.166666666666667,POINT (-122.5036644350073 45.51177979964492),"MULTIPOLYGON (((-122.5107274895271 45.51021129263106, -122.5107135097106 45.51382629619841, -122.5106915394389 45.51915130145891, -122.4971865130414 45.5191533512384, -122.4964455114391 45.5191513542624, -122.4964635079684 45.51851335354833, -122.4965304813917 45.51365734839789, -122.4965544739282 45.51229234692848, -122.4965994448724 45.50699734142475, -122.496622431538 45.50456733888867, -122.510595455765 45.50421728726339, -122.5107804592597 45.50477928715882, -122.5107274895271 45.51021129263106)))",1.0682692437101857,6.4121486824810034
27,97030,41051009907,2017,62,62,10,2.791274366794854,2.8132729408915518,0.0,4.166666666666667,POINT (-122.4215050480647 45.47282517917773),"MULTIPOLYGON (((-122.4546922182964 45.47010138238657, -122.4543812196189 45.47055038544823, -122.4482322087845 45.47012140671595, -122.4463292055072 45.4700064133605, -122.4405672020723 45.47131944075949, -122.4341961869754 45.46987045826778, -122.4340751865604 45.46980945844756, -122.4319341887697 45.47120847279659, -122.4312941948791 45.4730454835256, -122.4302021955204 45.47363949036487, -122.4290832123766 45.47847651666145, -122.4233272168806 45.4819805551455, -122.4218302379245 45.48814158967638, -122.4237642493534 45.49034059213031, -122.4245132527924 45.49092959183719, -122.4255212590958 45.492159593438, -122.4291472871188 45.49794960514419, -122.4258062819495 45.49803061929813, -122.4210562740792 45.49800963879854, -122.414494263017 45.49792966549112, -122.4139012617524 45.49785166756573, -122.4138622338963 45.49043663242538, -122.4138382202866 45.48681561528204, -122.4138952010316 45.48165459048731, -122.4093321785026 45.47750158829295, -122.4058651671609 45.47586759369312, -122.4046111628524 45.47521659531605, -122.4035431584537 45.47446259570349, -122.396419121158 45.46719158654376, -122.3893440894751 45.46129558281919, -122.4139681258786 45.46157649464363, -122.414455126571 45.46157449286196, -122.4380731588284 45.4611404049922, -122.4391431603208 45.46112940105611, -122.4439641667165 45.46099638296185, -122.4477871720921 45.46096936896348, -122.4516061871824 45.4633983654364, -122.4546282053101 45.4668583689538, -122.4546252059735 45.46702636967326, -122.4546922182964 45.47010138238657)))",1.0550623563948078,6.4080850248455015
253,97220,41051001702,2017,62,62,10,2.791274366794854,2.8132729408915518,0.0,4.166666666666667,POINT (-122.5732779756858 45.52566531850806),"MULTIPOLYGON (((-122.579054689898 45.52277605915498, -122.5790367101884 45.5264180617518, -122.5790287390697 45.53159606538083, -122.5790367510609 45.53374206684378, -122.5735067312563 45.53207908578254, -122.5689147219257 45.53197310239093, -122.5680857210291 45.53209510549326, -122.5677007210277 45.53222610698941, -122.5657167205346 45.53281411464073, -122.5648837209369 45.53317011793818, -122.5647407209941 45.5332291185029, -122.5648057191192 45.53287111799678, -122.5684217193519 45.53168010396583, -122.5661777052673 45.52992211080228, -122.568607709552 45.52986110194845, -122.5686486899864 45.52634209920461, -122.5667716863402 45.52632910597178, -122.5668256661286 45.52269010306612, -122.5668616459553 45.51906410023618, -122.5690996502242 45.5190650922229, -122.5790446695041 45.51912505665272, -122.579054689898 45.52277605915498)))",1.053961502217256,6.407746300483178
31,97030,41051010303,2017,62,62,10,2.791274366794854,2.8132729408915518,0.0,4.166666666666667,POINT (-122.410080127537 45.53004661923546),"MULTIPOLYGON (((-122.433619410099 45.52782261758035, -122.4131313611377 45.52771470053509, -122.4130353686198 45.53002370255326, -122.4139433740534 45.53098369956102, -122.4178543854974 45.53151668414053, -122.418462396417 45.53422368364698, -122.4158113919638 45.53489069480709, -122.4146213962001 45.53704370113089, -122.4165824023154 45.5373336934566, -122.4116703916828 45.53800871366908, -122.411711405201 45.54206671634824, -122.4105574035604 45.54253172129015, -122.4075953988558 45.54361073387853, -122.404940394 45.54441874503505, -122.3909413568529 45.5451708014082, -122.3907443411153 45.53967279875381, -122.3911553410771 45.53926179684778, -122.3992933457855 45.53355976045766, -122.3992813348034 45.52988775809603, -122.3984713256065 45.52744575977704, -122.3984243219461 45.52624675918432, -122.398420313879 45.52352475742243, -122.3984163006678 45.5190647545253, -122.4105753266859 45.51904470485403, -122.4124553307878 45.51906569719076, -122.4131263322907 45.51908469446381, -122.4211453493873 45.51905366169203, -122.4337833766111 45.51908361010136, -122.433619410099 45.52782261758035)))",1.035296382304364,6.402003186663827
149,97222,41051008800,2017,62,62,10,2.791274366794854,2.8132729408915518,0.0,4.166666666666667,POINT (-122.6026626338122 45.46504170261097),"MULTIPOLYGON (((-122.6158954532035 45.46500882682423, -122.6159694759812 45.46941583759948, -122.6103744577195 45.46766285108704, -122.6100054620508 45.46863285474414, -122.6047824533563 45.46862887146129, -122.602171449005 45.46862587981549, -122.598118442279 45.46862689279834, -122.5968254401467 45.46862989694737, -122.589348427813 45.46864692094037, -122.5893703926772 45.46151490123395, -122.5949334012958 45.46145288362968, -122.5954504021351 45.46145488201486, -122.5966014039717 45.46145287840242, -122.5970234046237 45.46144787706653, -122.5971964049212 45.4614518765351, -122.5973934052372 45.46145187591773, -122.5976184055782 45.46144787520193, -122.601452411784 45.46145886321597, -122.6017484123695 45.46148086234629, -122.6057284187653 45.46148284987771, -122.606612420209 45.46148784712008, -122.6086014234563 45.46149884091445, -122.6119014287157 45.46149183055355, -122.6129764304202 45.46148782717416, -122.6153724342029 45.46147581963461, -122.6164034402505 45.46232981853333, -122.6158954532035 45.46500882682423)))",1.028617869056969,6.399948259510783
8,97233,41051009603,2017,62,62,10,2.791274366794854,2.8132729408915518,0.0,4.166666666666667,POINT (-122.4607256890022 45.52919102699193),"MULTIPOLYGON (((-122.4661255423961 45.53952849632692, -122.461511532565 45.54007551531345, -122.4566475168594 45.53948853430665, -122.4564454684011 45.52875352587569, -122.456094465658 45.52832652692997, -122.4551614593876 45.52741352992766, -122.4551284560007 45.52666652942192, -122.4551874227992 45.51914252273944, -122.4603204337524 45.51912750176459, -122.465394444716 45.51914248105692, -122.4654304787914 45.52638148737427, -122.4654735130296 45.53364849369026, -122.4661255423961 45.53952849632692)))",1.0273076974840742,6.399545129796045
34,97030,41051010407,2017,62,62,10,2.791274366794854,2.8132729408915518,0.0,4.166666666666667,POINT (-122.3898427575042 45.50232539071089),"MULTIPOLYGON (((-122.399963282562 45.51192374350313, -122.3996222850585 45.51298174560016, -122.3985792897322 45.51525775137055, -122.3984163006678 45.5190647545253, -122.3982583003141 45.51905975516731, -122.3957912946028 45.51891476514922, -122.3893452811705 45.51905079156256, -122.3868792758254 45.51902980162097, -122.3871352552132 45.51109779571416, -122.3865322519011 45.51028979770055, -122.3864672514028 45.51014879788197, -122.3858232439042 45.50776979908576, -122.3852932402656 45.50675580065694, -122.3851102391127 45.50644280122281, -122.3834062278639 45.5032728063584, -122.3798352178648 45.50173982024463, -122.3777032015487 45.49760681554629, -122.3779292003967 45.49717781236678, -122.3788871979695 45.4960538025487, -122.3775381835636 45.4926107900168, -122.3732471726613 45.49147680139657, -122.3727091667277 45.49003579591669, -122.3727441640422 45.48925679163944, -122.3727281604027 45.48822978624987, -122.3776521683946 45.48828176685107, -122.3808061778051 45.48951876068393, -122.3821611811348 45.48984675694778, -122.3870111909089 45.49041374036987, -122.3939682021263 45.49044171251422, -122.3988142149045 45.49181569982863, -122.3987372358042 45.49755372861675, -122.3988682429887 45.49945573751309, -122.3999052502872 45.50119873667847, -122.3999522569001 45.50337673791822, -122.3999322610645 45.50477673892313, -122.3999592665636 45.50659374000843, -122.3999522701568 45.50779574082912, -122.399963282562 45.51192374350313)))",1.0141185529217456,6.395486931469175
273,97220,41051007600,2017,62,62,10,2.791274366794854,2.8132729408915518,0.0,4.166666666666667,POINT (-122.5875944285853 45.56013592151921),"MULTIPOLYGON (((-122.5985249245811 45.55820301096416, -122.5941739414259 45.56270403008933, -122.5932039455199 45.56376803441338, -122.5906459567589 45.56665304590788, -122.5777039194818 45.56437509316017, -122.5776439098582 45.56267109219173, -122.5776929019986 45.56124609100907, -122.5777449006351 45.56098409063041, -122.5778678996353 45.56076309001429, -122.5785128976679 45.56019108719634, -122.5785798818511 45.5573340849536, -122.5786148712362 45.55542008348883, -122.5846858828135 45.5554280608571, -122.5857038847641 45.55543105706323, -122.5867628867814 45.55543205311513, -122.5889918910269 45.55543404480498, -122.5911898952246 45.5554380366117, -122.6008509136329 45.55544800059381, -122.5985249245811 45.55820301096416)))",1.0084314847214462,6.3937370643306215
23,97030,41051009904,2017,62,62,10,2.791274366794854,2.8132729408915518,0.0,4.166666666666667,POINT (-122.4538078853403 45.4931553136304),"MULTIPOLYGON (((-122.4676063127464 45.48870040911365, -122.4645143237468 45.49264843760962, -122.4640253241555 45.49294544080698, -122.4575623291372 45.49680348314871, -122.4568343286539 45.49698048688152, -122.4447713094565 45.49711253705779, -122.4382162987737 45.49712156406306, -122.4385442955605 45.49615655843778, -122.4445572953548 45.49360352267155, -122.4474912920272 45.49155350190092, -122.4479042877164 45.49029049479419, -122.4509692893882 45.48947547898904, -122.4676033123045 45.48859240868903, -122.4676063127464 45.48870040911365)))",1.0056474211686983,6.392880429391315
297,97220,41051009502,2017,62,62,10,2.791274366794854,2.8132729408915518,0.0,4.166666666666667,POINT (-122.5281104930505 45.55079586676066),"MULTIPOLYGON (((-122.5381998047301 45.55725823576849, -122.5377508049834 45.55745623761695, -122.5225497613734 45.5548192919841, -122.5192747506132 45.5540073034258, -122.5198757428624 45.55241629969937, -122.5177637240649 45.54977130505065, -122.5177687133088 45.54784530321319, -122.5178987035505 45.54605530104293, -122.5176766954372 45.54467930056224, -122.5183156958527 45.54453629807277, -122.5284257219812 45.54577226193653, -122.5364617458284 45.54730623361986, -122.5373407516222 45.54804423100953, -122.5373017596154 45.5494882324028, -122.5372327717025 45.55167523455072, -122.5381887842175 45.55359023265012, -122.5381667935444 45.55526723417664, -122.5381998047301 45.55725823576849)))",1.0033725938885785,6.392180482535893
321,97233,41051009804,2017,62,62,10,2.791274366794854,2.8132729408915518,0.0,4.166666666666667,POINT (-122.490480306564 45.49903477958201),"MULTIPOLYGON (((-122.4968643987281 45.49808532631579, -122.496622431538 45.50456733888867, -122.4879274162413 45.50458437486657, -122.4846614104189 45.50457638836641, -122.484679384613 45.49950338200888, -122.4846623750078 45.49719137325933, -122.4846653675357 45.49538636636119, -122.4846673637735 45.49447736288533, -122.4846713547785 45.49230435457953, -122.4922973736512 45.4938833295609, -122.4966513844297 45.49477131508304, -122.4968643987281 45.49808532631579)))",1.0022756414570062,6.391842958710795
12,97233,41051010100,2017,62,62,10,2.791274366794854,2.8132729408915518,0.0,4.166666666666667,POINT (-122.444171605879 45.52613866368701),"MULTIPOLYGON (((-122.4566475168594 45.53948853430665, -122.4533675061408 45.53904454708515, -122.445306483101 45.53866757912052, -122.433425462852 45.5415826290785, -122.4334754609652 45.54105962847108, -122.4336984445508 45.53666662415373, -122.4336444382176 45.53506762312483, -122.4336484351333 45.53426862248607, -122.4336524313632 45.53329262170936, -122.433619410099 45.52782261758035, -122.4337833766111 45.51908361010136, -122.4338173556763 45.51366560573709, -122.4334573440078 45.51083560501084, -122.4310983318059 45.50882761316797, -122.4401013590337 45.51137757811604, -122.4448413736532 45.51267355968938, -122.4537364000665 45.51467752486453, -122.4551294042518 45.51498351941563, -122.4551874227992 45.51914252273944, -122.4551284560007 45.52666652942192, -122.4551614593876 45.52741352992766, -122.456094465658 45.52832652692997, -122.4564454684011 45.52875352587569, -122.4566475168594 45.53948853430665)))",1.0022756414570062,6.391842958710795
229,97215,41051001801,2017,62,62,10,2.791274366794854,2.8132729408915518,0.5218333333333334,3.5,POINT (-122.6048341471602 45.52629654474877),"MULTIPOLYGON (((-122.6172987830355 45.52641792359587, -122.6151237788332 45.52640693144329, -122.6150088001183 45.53026393397586, -122.6149888025446 45.53070593429107, -122.6109317805932 45.52815394756752, -122.6088437737912 45.52764695483054, -122.6051927683799 45.52792296819431, -122.6022237696158 45.52915797967508, -122.5935307780659 45.5336390140118, -122.5928257721109 45.53281201604952, -122.5944007616307 45.53039600879281, -122.5964297658607 45.53046200147491, -122.5964807536804 45.52826099991582, -122.5986187477662 45.52647099107799, -122.5944737398522 45.52646700604306, -122.5943607266339 45.52413600497575, -122.5937297197869 45.52312400660519, -122.5983747272383 45.52287398974115, -122.6043257385827 45.52287596834031, -122.6148257588746 45.52292893060743, -122.617303764352 45.52306492176844, -122.6172987830355 45.52641792359587)))",1.0393587031129157,6.358689028963894
313,97233,41051009201,2017,62,62,10,1.9924413207797365,3.0826083367605897,0.0,4.166666666666667,POINT (-122.5293533569922 45.51327365743799),"MULTIPOLYGON (((-122.5377656096624 45.52248920738153, -122.5325445999426 45.52252922618541, -122.527507589763 45.52242424419828, -122.5260995874112 45.52248324931312, -122.5209505768896 45.52235526770344, -122.5210195588172 45.51909826442257, -122.5210125295168 45.51385825956811, -122.520955474791 45.50408625066895, -122.5237254799621 45.50406624090024, -122.5247404818587 45.50405923732114, -122.5299444917502 45.50405321899841, -122.5376815067016 45.50408819179566, -122.5376475482409 45.51153519834628, -122.5376965653458 45.51458020080126, -122.5377656096624 45.52248920738153)))",1.3367949356369158,6.331849618413511
208,97227,41051002303,2017,62,54,5,2.791274366794854,2.8132729408915518,1.4985000000000002,5.0,POINT (-122.6675584335422 45.53435910329112),"MULTIPOLYGON (((-122.6792279826836 45.5411037042101, -122.6666779583322 45.54101675024552, -122.6666929471361 45.53900074950749, -122.661620935835 45.53870376797419, -122.6575609297833 45.53900378294961, -122.6575938998731 45.53362178080632, -122.6565868979513 45.5336207844715, -122.6565278691741 45.52847378272982, -122.653572865994 45.52891279359655, -122.6567168666267 45.52795178184778, -122.6616958632864 45.52564976301196, -122.6633208665586 45.5256817571608, -122.6653458786047 45.52715275036141, -122.6672948877827 45.52813474364844, -122.6690018881706 45.5276207373036, -122.6739439217216 45.5319577207763, -122.678035947983 45.53527670688007, -122.6832679726299 45.53791668851637, -122.6792279826836 45.5411037042101)))",1.5195250727000926,5.730022270888153
222,97213,41051002702,2017,62,54,5,2.791274366794854,2.8132729408915518,1.4436521739130437,4.478260869565218,POINT (-122.6158998507879 45.53473261026542),"MULTIPOLYGON (((-122.6229658641433 45.53903290965045, -122.6119268431298 45.53902995007456, -122.6109148411882 45.53902695377889, -122.6109188271332 45.53650495233782, -122.61092381942 45.53511995153625, -122.6109248116379 45.53372395074307, -122.6100168099046 45.53372295404806, -122.609681778643 45.52823095213377, -122.6088437737912 45.52764695483054, -122.6109317805932 45.52815394756752, -122.6149888025446 45.53070593429107, -122.6170168128492 45.53186192755819, -122.6229258315808 45.53320490678524, -122.622863834746 45.53379390731534, -122.6229178407351 45.53484990766448, -122.6229658641433 45.53903290965045)))",1.5035150450842567,5.547684737307362
206,97227,41051002203,2017,62,54,5,2.791274366794854,2.8132729408915518,1.144275,5.0,POINT (-122.6670643942349 45.54400935005295),"MULTIPOLYGON (((-122.677929985887 45.54212270927307, -122.6767649924385 45.5436977140231, -122.6788040203661 45.54801870776846, -122.67803901786 45.54782971054262, -122.6755600131592 45.54783171971022, -122.6733010111255 45.54823772819034, -122.6712340073136 45.54825873584397, -122.6666839986488 45.54825575267617, -122.6615859890314 45.54826877154139, -122.658588983296 45.54826178262662, -122.6585669699277 45.54586878181825, -122.6575209642357 45.54520378542778, -122.657530955695 45.54366678481294, -122.6575409470095 45.54210378418845, -122.6575609297833 45.53900378294961, -122.661620935835 45.53870376797419, -122.6666929471361 45.53900074950749, -122.6666779583322 45.54101675024552, -122.6792279826836 45.5411037042101, -122.677929985887 45.54212270927307)))",1.2569542927138295,5.540238953969303
249,97215,41051001802,2017,62,54,5,2.791274366794854,2.8132729408915518,0.7761666666666668,5.0,POINT (-122.6074494405815 45.5199779484935),"MULTIPOLYGON (((-122.6178007441805 45.5192769179442, -122.617305743232 45.51927591971663, -122.617303764352 45.52306492176844, -122.6148257588746 45.52292893060743, -122.6043257385827 45.52287596834031, -122.5983747272383 45.52287398974115, -122.5937297197869 45.52312400660519, -122.5918997105781 45.52209801252876, -122.5948957166299 45.52216000180259, -122.5984297070846 45.51924198730465, -122.6002247105374 45.51924798087933, -122.6002396966166 45.51674697930245, -122.6019927000291 45.5167599730495, -122.6068187085327 45.51663595574119, -122.6078597100143 45.51654595197175, -122.612564719018 45.5165529351758, -122.6161467258597 45.51655592238728, -122.6177817289916 45.51655891655084, -122.6178007441805 45.5192769179442)))",1.2886304894947154,5.436721373491626
266,97227,41051003502,2017,62,72,5,2.791274366794854,2.8132729408915518,0.7359166666666668,5.0,POINT (-122.6828718116551 45.55145495552078),"MULTIPOLYGON (((-122.6942240940351 45.555991652544, -122.6848610758599 45.55592168745932, -122.6822940719298 45.55609169708302, -122.6787060650307 45.55607671046714, -122.677509060024 45.55558571478889, -122.6754460555651 45.55548872245324, -122.6755110508346 45.55461672194671, -122.6755600131592 45.54783171971022, -122.67803901786 45.54782971054262, -122.6788040203661 45.54801870776846, -122.6767649924385 45.5436977140231, -122.677929985887 45.54212270927307, -122.6779039939307 45.54357670979491, -122.6791010024739 45.54470270571391, -122.6852840272291 45.54703868354343, -122.6912060681098 45.55236266293666, -122.6942240940351 45.555991652544)))",1.1544533999919193,5.383051499798459
169,97225,41051006900,2017,62,54,5,2.791274366794854,2.8132729408915518,1.1423500000000004,4.7,POINT (-122.7309722726901 45.50817241209332),"MULTIPOLYGON (((-122.7438579697715 45.51665946637458, -122.74131697396 45.51828447550614, -122.7371589730632 45.51954849044826, -122.7317319579729 45.51869350982889, -122.7269599550191 45.5197975270131, -122.7226709425572 45.51902554229851, -122.7208909469945 45.52043354883887, -122.7208719432777 45.5197715488286, -122.7196509412132 45.51981855321018, -122.7193498712782 45.50734355273407, -122.719349857884 45.50493455243381, -122.7129818448724 45.50477857484749, -122.7132148308416 45.5021755736373, -122.7136048298561 45.50186457222151, -122.7162598257457 45.50021456267358, -122.7192398256524 45.49922955104968, -122.7224178315048 45.49919753989211, -122.7232308308539 45.49883053651063, -122.7239908304334 45.49851953340169, -122.7250798307762 45.49823252918517, -122.7268898338012 45.49816552277858, -122.7290958365484 45.49792851475385, -122.7297148405264 45.49839351325218, -122.732828843664 45.49793750176225, -122.7398028561096 45.49781547730757, -122.7422848488248 45.49586346615136, -122.7427018466354 45.49537946408589, -122.7432288416749 45.49441146102561, -122.7437988457743 45.49490545968796, -122.7438078624335 45.49761246310203, -122.7437938922425 45.5027284662516, -122.743791898473 45.50385046628695, -122.7437839049088 45.50501146634445, -122.7437849054942 45.50511646634358, -122.7437999139463 45.50663246632893, -122.7438039180435 45.50736846633335, -122.7438109189126 45.5075224663125, -122.7438109193626 45.50760346631453, -122.7438119209037 45.50788046631796, -122.7438139225467 45.50817546631832, -122.7438269303561 45.5095764663075, -122.743845946656 45.51250346631344, -122.7438549571804 45.5143944663287, -122.7438579647096 45.51574846635183, -122.7438579697715 45.51665946637458)))",1.0,5.368276094672741
167,97210,41051006900,2017,62,54,5,2.791274366794854,2.8132729408915518,1.1423500000000004,4.7,POINT (-122.7309722726901 45.50817241209332),"MULTIPOLYGON (((-122.7438579697715 45.51665946637458, -122.74131697396 45.51828447550614, -122.7371589730632 45.51954849044826, -122.7317319579729 45.51869350982889, -122.7269599550191 45.5197975270131, -122.7226709425572 45.51902554229851, -122.7208909469945 45.52043354883887, -122.7208719432777 45.5197715488286, -122.7196509412132 45.51981855321018, -122.7193498712782 45.50734355273407, -122.719349857884 45.50493455243381, -122.7129818448724 45.50477857484749, -122.7132148308416 45.5021755736373, -122.7136048298561 45.50186457222151, -122.7162598257457 45.50021456267358, -122.7192398256524 45.49922955104968, -122.7224178315048 45.49919753989211, -122.7232308308539 45.49883053651063, -122.7239908304334 45.49851953340169, -122.7250798307762 45.49823252918517, -122.7268898338012 45.49816552277858, -122.7290958365484 45.49792851475385, -122.7297148405264 45.49839351325218, -122.732828843664 45.49793750176225, -122.7398028561096 45.49781547730757, -122.7422848488248 45.49586346615136, -122.7427018466354 45.49537946408589, -122.7432288416749 45.49441146102561, -122.7437988457743 45.49490545968796, -122.7438078624335 45.49761246310203, -122.7437938922425 45.5027284662516, -122.743791898473 45.50385046628695, -122.7437839049088 45.50501146634445, -122.7437849054942 45.50511646634358, -122.7437999139463 45.50663246632893, -122.7438039180435 45.50736846633335, -122.7438109189126 45.5075224663125, -122.7438109193626 45.50760346631453, -122.7438119209037 45.50788046631796, -122.7438139225467 45.50817546631832, -122.7438269303561 45.5095764663075, -122.743845946656 45.51250346631344, -122.7438549571804 45.5143944663287, -122.7438579647096 45.51574846635183, -122.7438579697715 45.51665946637458)))",1.0,5.368276094672741
192,97227,41051003402,2017,62,54,5,2.791274366794854,2.8132729408915518,0.963058823529412,4.470588235294118,POINT (-122.6685930421094 45.55139893994423),"MULTIPOLYGON (((-122.6755110508346 45.55461672194671, -122.6712030424166 45.55457473798256, -122.6680020362909 45.55456674990455, -122.6667520339551 45.55457375456349, -122.6615360239735 45.55456077398991, -122.6615859890314 45.54826877154139, -122.6666839986488 45.54825575267617, -122.6712340073136 45.54825873584397, -122.6733010111255 45.54823772819034, -122.6755600131592 45.54783171971022, -122.6755110508346 45.55461672194671)))",1.258358414531938,5.3220162403205755
241,97213,41051007500,2017,62,62,10,2.791274366794854,2.8132729408915518,-0.6105,1.0,POINT (-122.6089850399766 45.55687373540734),"MULTIPOLYGON (((-122.6204229917858 45.56279793148593, -122.6095149707807 45.5627449724559, -122.6060789642516 45.56274398536959, -122.5941739414259 45.56270403008933, -122.5985249245811 45.55820301096416, -122.6008509136329 45.55544800059381, -122.6044788962374 45.55109298448836, -122.6045098883381 45.54966598352902, -122.6045408804276 45.54823698256885, -122.610634892189 45.54826896004214, -122.6150509006493 45.54828094371108, -122.6148799407123 45.55552494832419, -122.6204009513451 45.55555092774922, -122.6204009664578 45.55826192917801, -122.6204229917858 45.56279793148593)))",1.0804092467434934,5.253678939824585
153,97210,41051004500,2017,62,54,5,2.791274366794854,2.8132729408915518,0.849346153846154,3.9615384615384617,POINT (-122.7016376960754 45.53831061015139),"MULTIPOLYGON (((-122.7244170641965 45.54030753826061, -122.721876059058 45.54025254757286, -122.7198120644789 45.54193355534801, -122.7178440489042 45.53980556229995, -122.7140240332253 45.53829257607978, -122.710201028011 45.53866259012833, -122.7055040273199 45.54014460759025, -122.6965700164203 45.54123964058566, -122.6920020278974 45.54486365820981, -122.6908620196817 45.54377666215022, -122.6832679726299 45.53791668851637, -122.6859319649592 45.53562767817628, -122.6943969830339 45.53598164737397, -122.6947609814063 45.53556464595182, -122.7008519923495 45.53544862370875, -122.7110990108331 45.5352665863039, -122.7119600133499 45.53542458318847, -122.7136870234144 45.53664357706938, -122.713596009517 45.53417557703639, -122.7182690132543 45.53324855989614, -122.7182450270202 45.53573256030423, -122.7196810406887 45.53769955530726, -122.7239130603415 45.53978654005364, -122.7267120575267 45.53832252965623, -122.7244170641965 45.54030753826061)))",1.5966689549963955,5.234492577866898
166,97210,41051004700,2017,62,54,5,2.791274366794854,2.8132729408915518,0.6514444444444443,4.222222222222221,POINT (-122.7031206693931 45.53084755774057),"MULTIPOLYGON (((-122.712490003264 45.53342958095102, -122.7119600133499 45.53542458318847, -122.7110990108331 45.5352665863039, -122.7008519923495 45.53544862370875, -122.7007429762827 45.53259762353525, -122.6986879686169 45.53192263086623, -122.6986339605812 45.53049663076454, -122.6985809525473 45.52907063065861, -122.698527944519 45.52764563055228, -122.6964999408642 45.52768263789314, -122.696472936846 45.52696963783557, -122.6964199288117 45.52554363771635, -122.6963249162021 45.52330963757141, -122.6981869203989 45.52342663089632, -122.7000099253781 45.52369762439111, -122.6994309280694 45.5243796266156, -122.7019249502684 45.52751661824426, -122.7034709598586 45.52871161288119, -122.7036789657001 45.52969061231261, -122.704372966971 45.52968160979582, -122.7071969839372 45.53176559992421, -122.7103619971291 45.53305458863501, -122.7135209984638 45.53221357701852, -122.712490003264 45.53342958095102)))",1.4459478908436603,5.207434420060532
157,97210,41051004900,2017,62,54,5,2.791274366794854,2.8132729408915518,0.7201470588235293,4.117647058823529,POINT (-122.6938907244246 45.53015213435212),"MULTIPOLYGON (((-122.7008519923495 45.53544862370875, -122.6947609814063 45.53556464595182, -122.6946569653242 45.53270964568866, -122.6905999580211 45.53278466045955, -122.6904939419501 45.5299326601549, -122.6894569360756 45.52923166374151, -122.6893739240598 45.52710066351678, -122.688306914199 45.52569366701945, -122.688222902103 45.52354866678365, -122.6882148985486 45.52291266665264, -122.6892179007314 45.52296166305743, -122.6902209028808 45.52300465946036, -122.6922699073838 45.52311265211566, -122.6923629215044 45.52561865236847, -122.6924159295395 45.52704465251119, -122.6924959415876 45.5291826527221, -122.6925229456061 45.52989565279095, -122.6945779532787 45.53057164549408, -122.6986339605812 45.53049663076454, -122.6986879686169 45.53192263086623, -122.7007429762827 45.53259762353525, -122.7008519923495 45.53544862370875)))",1.3869025255054752,5.178228907950443
160,97210,41051004300,2017,62,54,5,2.791274366794854,2.8132729408915518,0.0,4.166666666666667,POINT (-122.7696653845641 45.57922811512978),"MULTIPOLYGON (((-122.833371556315 45.60564032080291, -122.8299715428095 45.60392032396405, -122.8262645448248 45.6048593305281, -122.8234835466726 45.60562433545083, -122.820540567852 45.60969734374515, -122.8176995785915 45.6119983499311, -122.8180855847324 45.61297635030285, -122.8160845963378 45.61529235516269, -122.8134425998194 45.61634235964306, -122.8107315977513 45.61646036336474, -122.8089936013445 45.61737836642566, -122.8097536115559 45.61899236673948, -122.8068176015802 45.61780036963129, -122.8047496149803 45.6204663743504, -122.8017286069106 45.61961637761674, -122.7976105993107 45.61903838256036, -122.7908445948407 45.61947339159769, -122.7894865727432 45.61587239141015, -122.7883405658154 45.6148683924229, -122.7784594682482 45.59948539984239, -122.7771594584098 45.59796940131665, -122.7718374185491 45.59180140792548, -122.764307375272 45.58531041924755, -122.7561083437169 45.5809334333206, -122.7470763111065 45.57699145559992, -122.7389432685078 45.57210148641929, -122.7375932627678 45.5715294915158, -122.7372982584846 45.5708594926005, -122.7361962434446 45.56852949664796, -122.730521212648 45.56492651782566, -122.7226941720218 45.56029154679835, -122.7168991449534 45.55740256813226, -122.7026410887138 45.55216062040191, -122.6979840694339 45.55028563730826, -122.6920020278974 45.54486365820981, -122.6965700164203 45.54123964058566, -122.7055040273199 45.54014460759025, -122.710201028011 45.53866259012833, -122.7140240332253 45.53829257607978, -122.7178440489042 45.53980556229995, -122.7198120644789 45.54193355534801, -122.721876059058 45.54025254757286, -122.7244170641965 45.54030753826061, -122.7267120575267 45.53832252965623, -122.7262170701436 45.54076153170342, -122.7271510842718 45.54298352848292, -122.7267120887625 45.54394153018836, -122.7290061074377 45.54651652196156, -122.7320971109958 45.54609951051761, -122.7349951092076 45.54478649974148, -122.7336991196269 45.54710450467152, -122.7353321257211 45.54764249866982, -122.7330651242521 45.54815350708635, -122.7334801305934 45.5491525056183, -122.7353991371528 45.54967649854288, -122.7398361752043 45.55500648232243, -122.7413631789165 45.55515247663634, -122.7442521967677 45.55737746591918, -122.7459542021562 45.55776545956572, -122.7495232067348 45.55736944622308, -122.7521811886793 45.55367643965788, -122.7531791856088 45.5529974374391, -122.752815205405 45.55659843837965, -122.7548842045731 45.55617943389568, -122.7571891973237 45.55458342876129, -122.7558142126577 45.55750643199294, -122.7577072172709 45.55808342800034, -122.7602842156897 45.55746342241542, -122.7605932223806 45.55861642192064, -122.7636852266289 45.55896641541227, -122.7602552315145 45.56029042287405, -122.7596622350277 45.56099642421453, -122.7604272400632 45.56179242272649, -122.7622412381276 45.56120441885012, -122.7631092429424 45.56194541716824, -122.7653212417441 45.56143641245938, -122.7847092797602 45.56553337393122, -122.7896222845431 45.56570636404422, -122.7905402975325 45.56784136336517, -122.7898433125434 45.57054736623358, -122.7911343252127 45.57257036483747, -122.7944323317176 45.57323735886029, -122.7942383516983 45.57672736134538, -122.7964403699447 45.57956935901409, -122.79816437747 45.58061935653433, -122.7994483922716 45.58298635579146, -122.8051324158622 45.58620234802588, -122.805771427296 45.58806934833235, -122.8099034385746 45.58937634228239, -122.8108534409265 45.58963434087694, -122.8120844439405 45.58996233906039, -122.8135554575219 45.59205533838265, -122.8188484759005 45.59436733172659, -122.8201274848065 45.59568033089187, -122.8254744943005 45.59645532303383, -122.8264514997991 45.59723132227353, -122.8264505119115 45.59927532441215, -122.8274825167433 45.59992732348273, -122.8321265199975 45.59974231602502, -122.8326995249482 45.60048331596708, -122.8327745431456 45.60352631929523, -122.833371556315 45.60564032080291)))",1.8732498768436834,5.121373492675925
159,97210,41051005000,2017,62,54,5,2.791274366794854,2.8132729408915518,0.6464097222222223,4.25,POINT (-122.6875951011191 45.53007503443492),"MULTIPOLYGON (((-122.6947609814063 45.53556464595182, -122.6943969830339 45.53598164737397, -122.6859319649592 45.53562767817628, -122.6855289488887 45.53287767892554, -122.6835179452789 45.5329166862502, -122.6832619090734 45.5264986854395, -122.6828058917093 45.52353468627625, -122.6831438889637 45.5229256848942, -122.6859298940579 45.5228876748642, -122.6865608952151 45.52287967259279, -122.6882148985486 45.52291266665264, -122.688222902103 45.52354866678365, -122.688306914199 45.52569366701945, -122.6893739240598 45.52710066351678, -122.6894569360756 45.52923166374151, -122.6904939419501 45.5299326601549, -122.6905999580211 45.53278466045955, -122.6946569653242 45.53270964568866, -122.6947609814063 45.53556464595182)))",1.0015538254036365,5.077695647788389
219,97213,41051002701,2017,62,54,5,2.791274366794854,2.8132729408915518,0.5347083333333332,3.75,POINT (-122.6164714957338 45.54347631946488),"MULTIPOLYGON (((-122.6229648727033 45.54056891044763, -122.6229598812502 45.54210391125898, -122.6229398904597 45.54376291218969, -122.6220928928684 45.5444839156828, -122.6215488936904 45.54481691786098, -122.6210608947248 45.54516891984413, -122.6207879116317 45.54829492249328, -122.6150509006493 45.54828094371108, -122.610634892189 45.54826896004214, -122.6106608762186 45.54539595831799, -122.6106758669184 45.54372295731477, -122.6109148411882 45.53902695377889, -122.6119268431298 45.53902995007456, -122.6229658641433 45.53903290965045, -122.6229648727033 45.54056891044763)))",1.5418051625811584,5.055711016492584
69,97210,41051005200,2017,62,54,5,2.791274366794854,2.8132729408915518,1.0982142857142856,3.5,POINT (-122.6908303541848 45.52052672771114),"MULTIPOLYGON (((-122.6982039085651 45.52129363038586, -122.6981869203989 45.52342663089632, -122.6963249162021 45.52330963757141, -122.695392914188 45.52326664091534, -122.6922699073838 45.52311265211566, -122.6902209028808 45.52300465946036, -122.6892179007314 45.52296166305743, -122.6882148985486 45.52291266665264, -122.6865608952151 45.52287967259279, -122.6859298940579 45.5228876748642, -122.6831438889637 45.5229256848942, -122.6831008863662 45.52247368492588, -122.6841518775658 45.52053268062804, -122.6848688715688 45.51920967770586, -122.6863058595203 45.51655267187107, -122.6903308729818 45.51759365775172, -122.6927388798396 45.51800164923836, -122.6963968920104 45.51893663635911, -122.6978408963578 45.51922363124994, -122.6982139004731 45.51983563004292, -122.6982039085651 45.52129363038586)))",1.0201997302472738,4.991680407276297
178,97213,41051003000,2017,62,72,5,2.791274366794854,2.8132729408915518,0.0,4.166666666666667,POINT (-122.6238894923057 45.55475833740645),"MULTIPOLYGON (((-122.6306839402941 45.55006288673837, -122.630675956842 45.55303488821018, -122.6306729603808 45.55367088852996, -122.6306679698845 45.55537788937695, -122.6306619861186 45.55829289081399, -122.6306609901404 45.5590148911681, -122.6306560107234 45.56270989298012, -122.6204229917858 45.56279793148593, -122.6204009664578 45.55826192917801, -122.6204009513451 45.55555092774922, -122.6148799407123 45.55552494832419, -122.6150509006493 45.54828094371108, -122.6207879116317 45.54829492249328, -122.6231859161338 45.54828491361611, -122.6306919302053 45.54824988582909, -122.6306839402941 45.55006288673837)))",1.1206138701152402,4.889793182913328
141,97215,41051001500,2017,62,72,5,2.791274366794854,2.8132729408915518,-0.43762500000000004,4.625,POINT (-122.6068116185993 45.51111434714794),"MULTIPOLYGON (((-122.612564719018 45.5165529351758, -122.6078597100143 45.51654595197175, -122.6068187085327 45.51663595574119, -122.6019927000291 45.5167599730495, -122.6019926962757 45.51608697264443, -122.6016696357766 45.50534996732053, -122.6030996384813 45.50534596227724, -122.6060236439681 45.50532995196049, -122.6089906495258 45.50531194149141, -122.6111226535079 45.50529693396773, -122.6113376731547 45.50874693515529, -122.6114916916145 45.51200493644541, -122.6123576933376 45.51201793337651, -122.612564719018 45.5165529351758)))",1.0813413197666926,4.884081116139415
130,97210,41051004601,2017,62,54,5,2.791274366794854,2.8132729408915518,0.0,4.166666666666667,POINT (-122.7102526967794 45.51963867494949),"MULTIPOLYGON (((-122.7208909469945 45.52043354883887, -122.7187469498275 45.52167755668632, -122.7197189589067 45.52297755335545, -122.7196069779089 45.52643355418545, -122.7149589711782 45.52681457102297, -122.7149819896112 45.53012157141082, -122.7168199956729 45.5305825648087, -122.715295999534 45.53179857050896, -122.7135209984638 45.53221357701852, -122.7103619971291 45.53305458863501, -122.7071969839372 45.53176559992421, -122.704372966971 45.52968160979582, -122.7036789657001 45.52969061231261, -122.7034709598586 45.52871161288119, -122.7019249502684 45.52751661824426, -122.6994309280694 45.5243796266156, -122.7000099253781 45.52369762439111, -122.6981869203989 45.52342663089632, -122.6982039085651 45.52129363038586, -122.6982139004731 45.51983563004292, -122.6978408963578 45.51922363124994, -122.6999089002695 45.51921862384232, -122.700301896006 45.51831762225269, -122.6995708828366 45.51620062443396, -122.7024188704353 45.51299561364862, -122.7067318670087 45.51090159794227, -122.7096318540781 45.50758258710913, -122.7149588586074 45.50657056813829, -122.7193498712782 45.50734355273407, -122.7196509412132 45.51981855321018, -122.7208719432777 45.5197715488286, -122.7208909469945 45.52043354883887)))",1.0637068415490942,4.872283327969898
37,97030,41051010408,2017,62,23,5,2.791274366794854,2.8132729408915518,0.0,4.166666666666667,POINT (-122.4046341072802 45.48519356722644),"MULTIPOLYGON (((-122.4138962754812 45.50169167899428, -122.4094842539648 45.49770468507114, -122.4087612505224 45.49709768511991, -122.4055402326073 45.49368068172203, -122.4010782095274 45.48936467858813, -122.4000702053712 45.48866967919361, -122.3933151732344 45.48277767655185, -122.3897951566829 45.47971267478066, -122.3880791482473 45.47810467323166, -122.3880591437653 45.47686966700354, -122.3967961570038 45.47685263334018, -122.4035591661545 45.47654260583124, -122.4035671635462 45.47583260232273, -122.4035771595643 45.4747495969797, -122.4035431584537 45.47446259570349, -122.4046111628524 45.47521659531605, -122.4058651671609 45.47586759369312, -122.4093321785026 45.47750158829295, -122.4138952010316 45.48165459048731, -122.4138382202866 45.48681561528204, -122.4138622338963 45.49043663242538, -122.4139012617524 45.49785166756573, -122.4138962754812 45.50169167899428)))",1.0437675140574112,4.866148150280149
25,97030,41051009906,2017,62,23,5,2.791274366794854,2.8132729408915518,0.0,4.166666666666667,POINT (-122.4365630528267 45.48391162845191),"MULTIPOLYGON (((-122.4483452516475 45.48095745288756, -122.4479002558701 45.48220445999172, -122.4479042877164 45.49029049479419, -122.4474912920272 45.49155350190092, -122.4445572953548 45.49360352267155, -122.4385442955605 45.49615655843778, -122.4382162987737 45.49712156406306, -122.4346092930613 45.49716957911684, -122.4325122912575 45.49759158964878, -122.4309372899847 45.49793159767904, -122.4291472871188 45.49794960514419, -122.4255212590958 45.492159593438, -122.4245132527924 45.49092959183719, -122.4237642493534 45.49034059213031, -122.4218302379245 45.48814158967638, -122.4233272168806 45.4819805551455, -122.4290832123766 45.47847651666145, -122.4302021955204 45.47363949036487, -122.4312941948791 45.4730454835256, -122.4319341887697 45.47120847279659, -122.4340751865604 45.46980945844756, -122.4341961869754 45.46987045826778, -122.4405672020723 45.47131944075949, -122.4463292055072 45.4700064133605, -122.4482322087845 45.47012140671595, -122.4482762217682 45.4734004206538, -122.4482822280218 45.474985427448, -122.4483452516475 45.48095745288756)))",1.012706697629571,4.85659097599466
170,97210,41051007000,2017,62,54,5,2.791274366794854,2.8132729408915518,0.0,4.166666666666667,POINT (-122.7869655707251 45.56001722609412),"MULTIPOLYGON (((-122.8674945928168 45.60622027113011, -122.8674005962108 45.6067892721823, -122.8642256025908 45.60833827926067, -122.8614405977072 45.6079842827486, -122.8519965744506 45.60566529321672, -122.847582562447 45.60438129804771, -122.8437265644447 45.6053293050477, -122.8416635697338 45.6065423096365, -122.8374745649112 45.60641531564522, -122.8364815668823 45.60690631768804, -122.835514569256 45.60746131975441, -122.833371556315 45.60564032080291, -122.8327745431456 45.60352631929523, -122.8326995249482 45.60048331596708, -122.8321265199975 45.59974231602502, -122.8274825167433 45.59992732348273, -122.8264505119115 45.59927532441215, -122.8264514997991 45.59723132227353, -122.8254744943005 45.59645532303383, -122.8201274848065 45.59568033089187, -122.8188484759005 45.59436733172659, -122.8135554575219 45.59205533838265, -122.8120844439405 45.58996233906039, -122.8108534409265 45.58963434087694, -122.8099034385746 45.58937634228239, -122.805771427296 45.58806934833235, -122.8051324158622 45.58620234802588, -122.7994483922716 45.58298635579146, -122.79816437747 45.58061935653433, -122.7964403699447 45.57956935901409, -122.7942383516983 45.57672736134538, -122.7944323317176 45.57323735886029, -122.7911343252127 45.57257036483747, -122.7898433125434 45.57054736623358, -122.7905402975325 45.56784136336517, -122.7896222845431 45.56570636404422, -122.7847092797602 45.56553337393122, -122.7653212417441 45.56143641245938, -122.7631092429424 45.56194541716824, -122.7622412381276 45.56120441885012, -122.7604272400632 45.56179242272649, -122.7596622350277 45.56099642421453, -122.7602552315145 45.56029042287405, -122.7636852266289 45.55896641541227, -122.7605932223806 45.55861642192064, -122.7602842156897 45.55746342241542, -122.7577072172709 45.55808342800034, -122.7558142126577 45.55750643199294, -122.7571891973237 45.55458342876129, -122.7548842045731 45.55617943389568, -122.752815205405 45.55659843837965, -122.7531791856088 45.5529974374391, -122.7521811886793 45.55367643965788, -122.7495232067348 45.55736944622308, -122.7459542021562 45.55776545956572, -122.7442521967677 45.55737746591918, -122.7413631789165 45.55515247663634, -122.7398361752043 45.55500648232243, -122.7353991371528 45.54967649854288, -122.7334801305934 45.5491525056183, -122.7330651242521 45.54815350708635, -122.7353321257211 45.54764249866982, -122.7336991196269 45.54710450467152, -122.7349951092076 45.54478649974148, -122.7320971109958 45.54609951051761, -122.7290061074377 45.54651652196156, -122.7267120887625 45.54394153018836, -122.7271510842718 45.54298352848292, -122.7262170701436 45.54076153170342, -122.7267120575267 45.53832252965623, -122.7239130603415 45.53978654005364, -122.7196810406887 45.53769955530726, -122.7182450270202 45.53573256030423, -122.7182690132543 45.53324855989614, -122.713596009517 45.53417557703639, -122.7136870234144 45.53664357706938, -122.7119600133499 45.53542458318847, -122.712490003264 45.53342958095102, -122.7135209984638 45.53221357701852, -122.715295999534 45.53179857050896, -122.7168199956729 45.5305825648087, -122.7149819896112 45.53012157141082, -122.7149589711782 45.52681457102297, -122.7196069779089 45.52643355418545, -122.7197189589067 45.52297755335545, -122.7187469498275 45.52167755668632, -122.7208909469945 45.52043354883887, -122.7226709425572 45.51902554229851, -122.7269599550191 45.5197975270131, -122.7317319579729 45.51869350982889, -122.7371589730632 45.51954849044826, -122.74131697396 45.51828447550614, -122.7438579697715 45.51665946637458, -122.7438609855798 45.51950346643486, -122.7644630054956 45.51955640596648, -122.7644850458728 45.52673140732934, -122.7644760519827 45.52781840756761, -122.7644580621546 45.52962840797136, -122.7644570626772 45.52972140799228, -122.7644410698177 45.53099240828364, -122.7644380708623 45.53117840832788, -122.7644110856858 45.53381640891534, -122.7650750862984 45.53385240728583, -122.7660890868907 45.53384640478526, -122.7721490904231 45.53380938983717, -122.7751130922131 45.5338023825275, -122.7811450965927 45.53391736770499, -122.7823390974617 45.53394036477331, -122.7842310988368 45.53397636012912, -122.7848630992962 45.5339883585782, -122.784767146896 45.54231436277341, -122.7847681563931 45.54397336355989, -122.7847691631425 45.54515236411817, -122.7847701817009 45.54839436565749, -122.7848011817165 45.54839336558675, -122.7951101890056 45.54842734224863, -122.79269819263 45.54934434824831, -122.7959132106428 45.5520763427207, -122.7960562316228 45.55568934467955, -122.803131236706 45.5556833293499, -122.8045842406263 45.55617632657043, -122.8047612378792 45.55568232581824, -122.805431238358 45.55568132436612, -122.8054802804702 45.56290532974107, -122.8261862969435 45.56303528706821, -122.826209316176 45.5662782904006, -122.8262213267262 45.56805729223073, -122.8263413828657 45.57751530186543, -122.8469773999474 45.57751026331828, -122.846904420988 45.58101226809558, -122.8468484861209 45.59183028252554, -122.8675915050186 45.59187224791349, -122.8674945928168 45.60622027113011)))",1.0015538254036365,4.853159323002065
50,97124,41051007100,2017,62,54,5,2.791274366794854,2.8132729408915518,0.0,4.166666666666667,POINT (-122.8493377092763 45.66949279954018),"MULTIPOLYGON (((-122.9291930687991 45.6710093388903, -122.92895611561 45.67834435698101, -122.9291452151774 45.69380439476422, -122.9291222465399 45.69869140674175, -122.9291463929496 45.72147646255815, -122.8854633255876 45.72137245794864, -122.875390310455 45.72141245701306, -122.8634232921696 45.72141045581043, -122.7847351693263 45.72094044770193, -122.7846632133114 45.72864445134714, -122.7624371786779 45.72865944692366, -122.7621897042238 45.72857118441691, -122.7725110299794 45.69963143999556, -122.7730331877988 45.6946184576349, -122.7745109238734 45.68043143316442, -122.7638097786607 45.65713243368881, -122.7624138833083 45.65642637006789, -122.7637747633592 45.6544184332048, -122.7650657564907 45.65292243184319, -122.7692147381641 45.6488004272898, -122.782764698048 45.63899441079885, -122.7867256837472 45.63572140508753, -122.7901146703097 45.63272939981436, -122.7903936544198 45.62991339794838, -122.7911296320992 45.62589639484173, -122.7908445948407 45.61947339159769, -122.7976105993107 45.61903838256036, -122.8017286069106 45.61961637761674, -122.8047496149803 45.6204663743504, -122.8068176015802 45.61780036963129, -122.8097536115559 45.61899236673948, -122.8089936013445 45.61737836642566, -122.8107315977513 45.61646036336474, -122.8134425998194 45.61634235964306, -122.8160845963378 45.61529235516269, -122.8180855847324 45.61297635030285, -122.8176995785915 45.6119983499311, -122.820540567852 45.60969734374515, -122.8234835466726 45.60562433545083, -122.8262645448248 45.6048593305281, -122.8299715428095 45.60392032396405, -122.833371556315 45.60564032080291, -122.835514569256 45.60746131975441, -122.8364815668823 45.60690631768804, -122.8374745649112 45.60641531564522, -122.8416635697338 45.6065423096365, -122.8437265644447 45.6053293050477, -122.847582562447 45.60438129804771, -122.8519965744506 45.60566529321672, -122.8614405977072 45.6079842827486, -122.8642256025908 45.60833827926067, -122.8674005962108 45.6067892721823, -122.8674945928168 45.60622027113011, -122.8683025935809 45.6062172699334, -122.8879626134226 45.60634624117593, -122.8878367011447 45.62046026796643, -122.9089917249712 45.62075724152663, -122.9090778165793 45.63522227288519, -122.918724828368 45.63539326287586, -122.9291278393615 45.63530725147029, -122.9291148864933 45.64264626946116, -122.9291930687991 45.6710093388903)))",1.0,4.852681222877869
155,97210,41051004800,2017,62,54,5,2.791274366794854,2.8132729408915518,-0.29992857142857143,3.1428571428571432,POINT (-122.6949722689829 45.52718523149215),"MULTIPOLYGON (((-122.6986339605812 45.53049663076454, -122.6945779532787 45.53057164549408, -122.6925229456061 45.52989565279095, -122.6924959415876 45.5291826527221, -122.6924159295395 45.52704465251119, -122.6923629215044 45.52561865236847, -122.6922699073838 45.52311265211566, -122.695392914188 45.52326664091534, -122.6963249162021 45.52330963757141, -122.6964199288117 45.52554363771635, -122.696472936846 45.52696963783557, -122.6964999408642 45.52768263789314, -122.698527944519 45.52764563055228, -122.6985809525473 45.52907063065861, -122.6986339605812 45.53049663076454)))",1.1802437468218279,4.500836807980556
